id,title,category,subcategory,kind,countries,hasRunner,version,description
4at,4AT / DOS / ICDSC / Nu-DESC / DRS-R-98,2. Диагностические шкалы,Делирий,score,США,yes,1.0.0,Альтернативные шкалы скрининга делирия.
4s-af,4S-AF characterization (ESC),4. Кардиология и сосуды,Фибрилляция предсердий,calculator,Международный (ESC 2020),yes,1.0.0,Комплексная характеристика ФП для выбора стратегии лечения.
4t-pph,"«4 T»: Tone, Trauma, Tissue, Thrombin",8. Акушерство и гинекология,ПРК,calculator,Международный,yes,1.0.0,Дифф. диагностика причин послеродового кровотечения.
4t,4T score,2. Диагностические шкалы,ВТЭ / Кровотечение,score,Международный (ASH 2018),yes,1.0.0,Оценка вероятности гепарин-индуцированной тромбоцитопении.
6mwt,6-Minute Walk Test / Incremental Shuttle Walk,22. Прочие специальности,Реабилитация,calculator,Международный (ATS/ERS 2014),yes,1.0.0,Оценка функциональной выносливости и переносимости нагрузки.
9-line,9-Line MEDEVAC / MIST / SBAR / AT-MIST,7. Травматология и военная медицина,Военная медицина,calculator,NATO / US DoD / WHO / IHI,yes,1.0.0,Стандартные форматы передачи информации при эвакуации.
aa-grad,A-a gradient,15. Лабораторная медицина,Газы крови,calculator,Международный,yes,1.0.0,Оценка эффективности газообмена в лёгких.
aa-gradient,A-a gradient / SF / OI,1. Клинические калькуляторы,Электролиты / КЩС,calculator,,yes,1.0.0,Оценка газообмена и тяжести дыхательной недостаточности.
aaa,AAA - аневризма брюшной аорты,4. Кардиология и сосуды,Сосуды / Аорта,calculator,Международный (SVS · ESVS · USPSTF),yes,1.0.0,Показания к плановому оперативному лечению аневризмы.
aap-efp,AAP/EFP 2017 Staging and Grading,21. Стоматология,Периодонтология,calculator,США/ЕС (AAP/EFP 2017 World Workshop · J Periodontol/J Clin Periodontol 2018),yes,1.0.0,Современная классификация тяжести и прогрессии пародонтита.
aasld,AASLD / EASL / РНОГ protocols,11. Инфекционные болезни,Гепатиты,calculator,"США / Международный (AASLD, EASL аналог)",yes,1.0.0,Международные и российские рекомендации по гепатитам.
aast,AAST OIS,7. Травматология и военная медицина,Абдоминальная травма,calculator,"Международный (AAST, США)",yes,1.0.0,Классификация степени повреждения внутренних органов.
abc-tash,ABC / TASH / McLaughlin / RABT,6. Анестезиология и ICU,Трансфузия,score,,yes,1.0.0,Показания к активации протокола массивной трансфузии.
abcd2,ABCD2 / ABCD3-I,5. Неврология и нейрохирургия,Инсульт,score,,yes,1.0.0,Оценка риска инсульта в течение 2 суток после ТИА.
abcde,ABCDE / 7-point Glasgow / Menzies / pattern analysis,22. Прочие специальности,Дерматология,calculator,США (AAD / ACS),yes,1.0.0,Клиническая диагностика меланомы.
abi,ABI / TBI / WIfI classification,4. Кардиология и сосуды,Сосуды / Аорта,calculator,Международный (AHA · ESC · SVS),yes,1.0.0,Диагностика и стратификация риска при заболеваниях периферических артерий.
abo-ce,ABO Cast-Radiograph Evaluation,21. Стоматология,Ортодонтия,calculator,США (American Board of Orthodontics) · Am J Orthod Dentofacial Orthop,yes,1.0.0,Оценка качества ортодонтического лечения.
abpm,Ambulatory BP / HBPM критерии,4. Кардиология и сосуды,Гипертензия,calculator,Международный (ESC/ESH · ACC/AHA · NICE · РКО),yes,1.0.0,Интерпретация суточного и домашнего мониторинга АД.
absi,ABSI / Baux / Revised Baux / BOBI,6. Анестезиология и ICU,Ожоги,calculator,"Международный (ABA, ISBI)",yes,1.0.0,Оценка тяжести и прогноза при ожогах.
abw,Adjusted Body Weight,1. Клинические калькуляторы,Антропометрия,calculator,Международный,yes,1.0.0,Скорректированная масса тела для дозирования при ожирении.
acc-aha-hf,ACC/AHA stages A-D,4. Кардиология и сосуды,Сердечная недостаточность,score,США · ЕС · РФ,yes,1.0.0,Стадии прогрессирования сердечной недостаточности.
acdu,ACDU / Grady / Jouvet / Glasgow-Liege,5. Неврология и нейрохирургия,Сознание,score,США · Международный,yes,1.0.0,Альтернативные шкалы оценки сознания и комы.
ace3,ACE-III / Addenbrooke's,5. Неврология и нейрохирургия,Деменция,calculator,Международный (Cambridge),yes,1.0.0,Комплексная оценка когнитивных функций.
acne,GAGS / Cook / Leeds / IGA,22. Прочие специальности,Дерматология,calculator,Международный,yes,1.0.0,Оценка тяжести акне.
acog-preeclampsia,ACOG 2020 / ISSHP 2018/2021,8. Акушерство и гинекология,Преэклампсия,calculator,"Международный (ACOG, ISSHP, РОАГ)",yes,1.0.0,Современные критерии диагностики преэклампсии.
acr-eular,ACR/EULAR classification criteria,22. Прочие специальности,Ревматология,calculator,Международный (ACR/EULAR),yes,1.0.0,Международные классификационные критерии ревматологических заболеваний.
act,Asthma Control Test (ACT),13. Пульмонология,Астма,score,,yes,1.0.0,Оценка контроля бронхиальной астмы за последние 4 недели.
acvim,ACVIM / ISACHC,20. Ветеринарная медицина,Кардиология,calculator,США (ACVIM) · международный (IRIS),yes,1.0.0,Стадирование хронической сердечной недостаточности у собак.
ada-cdt,ADA CDT / SNODENT / ICD-10-DA / NICE CKS dental / РСА КР,21. Стоматология,Справочники,calculator,США (ADA),yes,1.0.0,Стоматологические справочники и кодификаторы.
ada-easd,ADA/EASD diabetes algorithm,22. Прочие специальности,Эндокринология,calculator,Международный (ADA/EASD),yes,1.0.0,Современный алгоритм лечения сахарного диабета 2 типа.
adrogue-madias,Adrogué-Madias,1. Клинические калькуляторы,Электролиты / КЩС,calculator,Международный,yes,1.0.0,Прогноз изменения натрия при инфузии раствора.
afs-enzian,AFS / rASRM / ENZIAN / #Enzian 2021,8. Акушерство и гинекология,Гинекология,score,"Международный (ASRM, ESHRE, #Enzian)",yes,1.0.0,Классификация стадий и тяжести эндометриоза.
agapss,Adjusted Global APS Score (aGAPSS),15. Лабораторная медицина,Гематология,calculator,Международный,yes,1.0.0,Оценка риска тромбоза при антифосфолипидном синдроме.
age-ddimer,Age-adjusted D-dimer,15. Лабораторная медицина,Коагуляция,calculator,Международный (ESC · ACCP),yes,1.0.0,Возраст-скорректированный порог D-димера у пациентов > 50 лет.
ahi,STOP-BANG / Berlin / ESS / NoSAS / AHI,13. Пульмонология,СОАС,calculator,Международный (AASM),yes,1.0.0,Скрининг и стратификация тяжести обструктивного апноэ сна.
ahls,AHLS (Advanced HazMat Life Support),17. Протоколы экстренной помощи,CBRN / Токсикология,calculator,"США (AACT/Univ Arizona), международные сертификаты AHLS",yes,1.0.0,Расширенная помощь при воздействии опасных веществ.
ahs-ecc,AHA ECC / ERC / Resuscitation Council UK / HEMS / SAMU,17. Протоколы экстренной помощи,Догоспитальные алгоритмы,calculator,"AHA (США), ERC (Европа), IAED/MPDS (60+ стран), SAMU (Франция)",yes,1.0.0,Протоколы международных служб неотложной помощи.
aifa-simg,AIFA / SIMG / SEMES,19. Региональные стандарты,Европа,calculator,Италия,yes,1.0.0,Итальянские и испанские клинические рекомендации.
aims65,AIMS65,7. Травматология и военная медицина,Неотложная хирургия,score,,yes,1.0.0,Шкала прогноза смертности при UGIB.
aldrete,Aldrete / Modified Aldrete / PADSS / White-Song,6. Анестезиология и ICU,Предоперационная,score,,yes,1.0.0,Критерии выхода из анестезии и перевода из PACU.
alsfrs,ALSFRS-R (0-48) / King's / MiToS,5. Неврология и нейрохирургия,Миастения / ALS / GBS,calculator,Международный (WFN),yes,1.0.0,Оценка функционального состояния при БАС.
alvarado-pas,Alvarado / PAS (Samuel) / AIR,3. Педиатрические инструменты,Экстренная педиатрия,score,Международный,yes,1.0.0,Оценка вероятности острого аппендицита.
alvarado,Alvarado (MANTRELS) / AIR / RIPASA / PAS,7. Травматология и военная медицина,Неотложная хирургия,score,,yes,1.0.0,Оценка вероятности острого аппендицита.
aminoglycoside,Aminoglycoside dosing (Hartford nomogram),1. Клинические калькуляторы,Дозирование,calculator,США · Международный,yes,1.0.0,Дозирование аминогликозидов с учётом функции почек.
amsler,Amsler grid,22. Прочие специальности,Офтальмология,calculator,Международный (AAO),yes,1.0.0,Скрининг макулярной патологии по искажению сетки.
anaphylaxis,NIAID/FAAN / WAO / Ring-Messmer / Sampson / EAACI,17. Протоколы экстренной помощи,Анафилаксия,calculator,WAO / EAACI / NIAID - международно,yes,1.0.0,Диагностические критерии и ведение анафилаксии.
anb,ANB / WITS / Steiner cephalometric,21. Стоматология,Ортодонтия,calculator,"Международный (Steiner CC, Am J Orthod, 1953)",yes,1.0.0,Цефалометрические параметры для ортодонтии.
andreasen,Andreasen classification / IADT Dental Trauma,21. Стоматология,Травма зубов,calculator,Международный (IADT),yes,1.0.0,Классификация и ведение травм зубов.
angle,Angle's / IOTN / PAR / ICON,21. Стоматология,Ортодонтия,calculator,"Международный (Edward Angle, 1899)",yes,1.0.0,Классификация окклюзии и потребности в ортодонтическом лечении.
anion-gap,Anion gap,1. Клинические калькуляторы,Электролиты / КЩС,calculator,,yes,1.0.0,"Дифф. диагностика метаболического ацидоза (MUDPILES, GOLD MARK)."
ann-arbor,Ann Arbor / Lugano,10. Онкология,Стадирование,calculator,Международный (Cotswolds / Lugano),yes,1.0.0,Стадирование лимфом Ходжкина и неходжкинских.
antidote,Antidote stocking (ACEP/AACT) / CHEMM / REMM,17. Протоколы экстренной помощи,CBRN / Токсикология,calculator,"Международные референсы (USA, ЕС)",yes,1.0.0,Рекомендации по запасам и применению антидотов.
anzcor,ANZCOR,17. Протоколы экстренной помощи,Реанимация,calculator,"Австралия, Новая Зеландия",yes,1.0.0,Протоколы реанимации Австралии и Новой Зеландии.
ao-cmf,Mandibular fractures AO CMF,21. Стоматология,Хирургия полости рта,calculator,Международный (AO Foundation · AO CMF),yes,1.0.0,Классификация переломов нижней челюсти.
ao-ota,AO/OTA 2018,7. Травматология и военная медицина,Ортопедия,calculator,Международный (AO Foundation + Orthopaedic Trauma Association),yes,1.0.0,Универсальная классификация переломов длинных костей.
ao-spine,TLICS / SLIC / AO Spine classification,7. Травматология и военная медицина,Голова / Позвоночник,calculator,Международный,yes,1.0.0,Классификация переломов позвоночника и выбор тактики.
aor-ru,КР АОР / Минздрав РФ,10. Онкология,Российские стандарты,calculator,Российская Федерация (МЗ РФ),yes,1.0.0,Российские клинические рекомендации по онкологии.
apache,APACHE II / III / IV,6. Анестезиология и ICU,Тяжесть в ICU,calculator,Международный (оригинал США),yes,1.0.0,Оценка тяжести состояния и прогноза смертности в ICU.
apfel,Apfel PONV (0-4),6. Анестезиология и ICU,Предоперационная,score,,yes,1.0.0,Оценка риска послеоперационной тошноты и рвоты.
apgar,Apgar score (1 и 5 мин),3. Педиатрические инструменты,Новорождённые,score,Международный,yes,1.0.0,Оценка состояния новорождённого в первые минуты жизни.
aphab,APHAB / SADL / IOI-HA / GHABP / COSI,22. Прочие специальности,ЛОР,calculator,Международный (AAA / ASHA),yes,1.0.0,Оценка эффективности слуховых аппаратов.
apri-hep,APRI / FIB-4 / NAFLD FS,11. Инфекционные болезни,Гепатиты,calculator,Международный (WHO / AASLD / EASL),yes,1.0.0,Неинвазивная оценка фиброза печени при гепатитах.
areds,AREDS / AREDS2 simplified,22. Прочие специальности,Офтальмология,calculator,США (NEI / AREDS),yes,1.0.0,Классификация и стратификация риска возрастной макулярной дегенерации.
arr,Aldosterone/Renin Ratio (ARR),15. Лабораторная медицина,Эндокринология,calculator,Международный (Endocrine Society · РАЭ),yes,1.0.0,Скрининг первичного гиперальдостеронизма.
asa-dental,ASA modifications / Misch bone D1-D4,21. Стоматология,Протезирование,calculator,Международный (ASA 2014/2020) · ADA adaptation,yes,1.0.0,Оценка риска и качества костной ткани перед имплантацией.
asa-e,"Предоперационные шкалы риска (ASA, RCRI, ACS NSQIP, METS, DASI)",6. Анестезиология и ICU,Предоперационная,calculator,Международный,yes,1.0.0,Комплексная предоперационная оценка риска.
asa-ps,ASA Physical Status (I-VI),2. Диагностические шкалы,Периоперационная,score,,yes,1.0.0,Предоперационная оценка физического состояния пациента.
asa-vet,ASA для ветеринарии / APPLE / SPI,20. Ветеринарная медицина,Анестезия / Критикал,calculator,США (ACVAA · AAHA) · международный,yes,1.0.0,Оценка анестезиологического и критического риска у животных.
asccp,ASCCP 2019 risk-based,8. Акушерство и гинекология,Гинекология,calculator,США (ASCCP); адаптация ESGO/IFCPC,yes,1.0.0,Управление рисками при патологии шейки матки.
ascvd,ASCVD Pooled Cohort Equations (ACC/AHA),4. Кардиология и сосуды,ССС-риск,calculator,США (ACC/AHA),yes,1.0.0,Оценка 10-летнего и пожизненного риска атеросклеротических ССЗ.
asean,ASEAN Clinical Guidelines,19. Региональные стандарты,Австралия / ЮВА,calculator,"Юго-Восточная Азия (ASEAN): Сингапур, Малайзия, Таиланд, Индонезия, Филиппины, Вьетнам, Мьянма, Камбоджа, Лаос, Бруней",yes,1.0.0,Клинические рекомендации стран Юго-Восточной Азии.
asia-drug,JADD / KIMS / China Pharmacopoeia / ChemoMeds,14. Фармакология и лекарства,Справочники,calculator,Япония · Корея · Китай · Тайвань,yes,1.0.0,"Азиатские лекарственные справочники (Япония, Корея, Китай, Индия)."
asia,ASIA / Frankel / ISNCSCI,5. Неврология и нейрохирургия,Спинальная травма,score,Международный (ASIA / ISCoS),yes,1.0.0,Классификация спинальной травмы и неврологического дефицита.
aspects,ASPECTS / pc-ASPECTS,5. Неврология и нейрохирургия,Инсульт,calculator,,yes,1.0.0,Оценка ранних ишемических изменений на КТ.
asrs,ASRS v1.1 (WHO),9. Психиатрия и психология,СДВГ,calculator,Международный (WHO),yes,1.0.0,Скрининг СДВГ у взрослых.
ata,ATA risk / Bethesda TBSRTC,22. Прочие специальности,Эндокринология,calculator,Международный (ATA 2015),yes,1.0.0,Оценка риска рака щитовидной железы и цитологии.
atlanta,Revised Atlanta 2012 / Balthazar CTSI,7. Травматология и военная медицина,Неотложная хирургия,calculator,"Международный (IAP/APA, ACG guidelines)",yes,1.0.0,Классификация тяжести острого панкреатита.
atls,ATLS (ACS-COT),17. Протоколы экстренной помощи,Догоспитальная травма,calculator,"ACS-COT (США), 86 стран (курсы ATLS проводятся официально)",yes,1.0.0,Стандарт оказания помощи при тяжёлой травме.
ats,ATS (Australasian Triage Scale),2. Диагностические шкалы,Триаж,score,Австралия,yes,1.0.0,Австралийский стандарт сортировки пациентов.
audit-c,AUDIT-C,9. Психиатрия и психология,Зависимости,score,,yes,1.0.0,Короткий скрининг проблемного употребления алкоголя (3 вопроса).
avpu,AVPU,5. Неврология и нейрохирургия,Сознание,score,Международный (ATLS / APLS / NEWS2),yes,1.0.0,Быстрая догоспитальная оценка уровня сознания.
awmf-de,AWMF / Rote Liste / Arzneimittelkursbuch,19. Региональные стандарты,Европа,calculator,"Германия (также Австрия, Швейцария — частично)",yes,1.0.0,Немецкие клинические рекомендации и фармацевтические справочники.
awmf,AWMF Leitlinien,18. Учебные инструменты,Базы знаний,calculator,Германия (Arbeitsgemeinschaft der Wissenschaftlichen Medizinischen Fachgesellschaften),yes,1.0.0,Немецкие клинические рекомендации по специальностям.
ballard,Ballard / New Ballard Score,3. Педиатрические инструменты,Новорождённые,score,Международный,yes,1.0.0,Определение гестационного возраста после рождения.
barthel,Barthel Index / Modified Barthel,2. Диагностические шкалы,Функциональный статус,score,Международный,yes,1.0.0,Оценка самообслуживания и базовых ADL.
basdai,BASDAI / BASFI / ASDAS,22. Прочие специальности,Ревматология,calculator,,yes,1.0.0,Оценка активности и функции при аксиальном спондилоартрите.
bcs,BCS (WSAVA) / Muscle Condition Score,20. Ветеринарная медицина,Общее,calculator,Международный (WSAVA),yes,1.0.0,Оценка упитанности и мышечной массы у животных.
bdi,BDI-II / BDI-Fast,9. Психиатрия и психология,Депрессия,calculator,Международный,yes,1.0.0,Оценка выраженности симптомов депрессии.
beck-ssi,Beck SSI / SAD PERSONS / P4 / NGASR / Sheehan-STS,9. Психиатрия и психология,Суицид,calculator,Международный,yes,1.0.0,Альтернативные шкалы оценки суицидального риска.
beers,Beers / STOPP/START / FORTA / PRISCUS,14. Фармакология и лекарства,Гериатрия,calculator,США (AGS) · используется глобально,yes,1.0.0,Критерии потенциально неподходящих лекарств у пожилых.
berg-balance,Berg Balance / TUG / DGI / Tinetti,22. Прочие специальности,Реабилитация,calculator,Международный,yes,1.0.0,Оценка равновесия и риска падений.
berlin-ards,Berlin 2012 + Global 2023,6. Анестезиология и ICU,ARDS,calculator,Международный (ESICM/ATS/SCCM),yes,1.0.0,Диагностические критерии и тяжесть ОРДС.
bethesda-cyto,Bethesda System 2014,8. Акушерство и гинекология,Гинекология,calculator,Международный (Bethesda),yes,1.0.0,Классификация цитологии шейки матки.
big,BIG score,7. Травматология и военная медицина,Абдоминальная травма,calculator,Международный (derived US military + civilian),yes,1.0.0,Оценка риска смертности при тупой травме у детей.
binet-rai,Binet / Rai,10. Онкология,Стадирование,calculator,Международный (iwCLL / Binet Европа / Rai США),yes,1.0.0,Стадирование хронического лимфолейкоза.
bipss,BIPSS / TUBA / TEOA / DPOAE,22. Прочие специальности,ЛОР,calculator,Международный (Endocrine Society),yes,1.0.0,Методы объективного скрининга слуха.
birads,BI-RADS (ACR),10. Онкология,Специфические,calculator,Международный (ACR),yes,1.0.0,"Стандартизированная оценка маммографии, УЗИ и МРТ молочных желёз."
bis,BIS / SSEP / NSE,6. Анестезиология и ICU,Остановка сердца,calculator,Международный (ERC/ESICM),yes,1.0.0,Оценка неврологического прогноза после остановки сердца.
bisap,BISAP,7. Травматология и военная медицина,Неотложная хирургия,score,,yes,1.0.0,Шкала тяжести острого панкреатита за 24 ч.
bishop,Bishop score (0-13) / modified / simplified,8. Акушерство и гинекология,Беременность,score,,yes,1.0.0,Оценка зрелости шейки матки перед индукцией родов.
blacks,Black's classification,21. Стоматология,Классификации,calculator,"Международный · классика (G.V. Black, 1908)",yes,1.0.0,Классификация кариозных полостей по локализации.
bls-acls,BLS / ACLS / PALS (AHA),17. Протоколы экстренной помощи,Реанимация,calculator,"AHA (США, Канада, международно)",yes,1.0.0,Американские алгоритмы базовой и расширенной реанимации.
bmi,BMI / Индекс массы тела (Quetelet),1. Клинические калькуляторы,Антропометрия,calculator,Международный (ВОЗ),yes,1.0.0,Скрининг избыточной массы тела и ожирения у взрослых.
bnf,BNF / BNFc,14. Фармакология и лекарства,Справочники,calculator,Великобритания (NHS),yes,1.0.0,Официальный британский формуляр лекарственных средств.
bode,BODE index / ADO / DOSE,13. Пульмонология,ХОБЛ,score,,yes,1.0.0,Оценка прогноза выживаемости при ХОБЛ.
bodyfat,"% Body Fat (Jackson-Pollock, Navy)",1. Клинические калькуляторы,Антропометрия,calculator,США (U.S. Navy) · Международный,yes,1.0.0,Оценка процента жировой ткани в спортивной и военной медицине.
boey,Boey / ASA + Boey,7. Травматология и военная медицина,Неотложная хирургия,score,Международный (WSES guidelines 2020),yes,1.0.0,Оценка риска смертности при перфоративной язве.
bolton,Bolton / Little's irregularity index,21. Стоматология,Ортодонтия,calculator,"Международный (Bolton WA, Am J Orthod, 1958/1962)",yes,1.0.0,Ортодонтические анализы моделей челюстей.
bop,BOP% / PPD,21. Стоматология,Периодонтология,calculator,"Международный (AAP/EFP, Ainamo & Bay 1975)",yes,1.0.0,Основные пародонтальные измерения (кровоточивость и глубина карманов).
borg,Borg CR-10 / 6-20 RPE,22. Прочие специальности,Реабилитация,calculator,Международный,yes,1.0.0,Субъективная оценка интенсивности физической нагрузки.
bova,Bova / FAST score,4. Кардиология и сосуды,ТЭЛА,score,Международный,yes,1.0.0,Выявление пациентов промежуточно-высокого риска при ТЭЛА.
bp-guidelines,"Целевые уровни АД (ACC/AHA, ESC, NICE, РКО)",4. Кардиология и сосуды,Гипертензия,calculator,США (ACC/AHA) · ЕС (ESC/ESH) · Великобритания (NICE) · РФ (РКО),yes,1.0.0,Сравнение международных рекомендаций по целевому АД.
bpi,Brief Pain Inventory,2. Диагностические шкалы,Боль,calculator,Международный (MD Anderson),yes,1.0.0,Многомерная оценка боли и её влияния на жизнь.
bps-icu,BPS / CPOT / NVPS / ESCID,6. Анестезиология и ICU,Седация / Делирий,score,Международный (SCCM PADIS 2018),yes,1.0.0,Оценка боли у невербальных пациентов в ICU.
braden,Braden / Norton / Waterlow,2. Диагностические шкалы,Функциональный статус,score,Международный (NPUAP / EPUAP / PPPIA),yes,1.0.0,Оценка риска развития пролежней.
brca-models,BRCA1/2 risk models / Manchester / Myriad,10. Онкология,Скрининг рисков,calculator,"Международный (NCCN, NICE, ESMO)",yes,1.0.0,Оценка вероятности наследственных мутаций BRCA.
breslow,Breslow thickness / Clark / AJCC,22. Прочие специальности,Дерматология,calculator,Международный (AJCC 8 / NCCN),yes,1.0.0,Гистологическое стадирование меланомы.
bristol,Bristol Stool Scale,11. Инфекционные болезни,Контроль инфекций,calculator,Международный,yes,1.0.0,Визуальная классификация формы стула.
bromage,Bromage scale,6. Анестезиология и ICU,Предоперационная,score,,yes,1.0.0,Оценка глубины моторного блока при эпидуральной анестезии.
broselow,Broselow-Luten Tape,3. Педиатрические инструменты,Экстренная педиатрия,calculator,Международный (AHA/PALS),yes,1.0.0,Быстрый подбор дозы и оборудования по росту ребёнка.
brugada,Brugada criteria,4. Кардиология и сосуды,ЭКГ / Ритм,score,Международный (ESC · AHA · HRS),yes,1.0.0,Дифф. диагностика тахикардии с широким QRS.
bsa-dose,BSA-based dosing (mg/m²),1. Клинические калькуляторы,Дозирование,calculator,США · ЕС · Международный,yes,1.0.0,"Расчёт дозы по площади поверхности тела (онкология, педиатрия)."
bsa-dubois,BSA - Du Bois & Du Bois (1916),1. Клинические калькуляторы,Антропометрия,calculator,Международный,yes,1.0.0,Площадь поверхности тела для дозирования химиотерапии и индексации ЭхоКГ.
bsa-haycock,BSA - Haycock / Gehan-George / Boyd,1. Клинические калькуляторы,Антропометрия,calculator,Международный (особ. педиатрия и онкология),yes,1.0.0,Альтернативные формулы BSA для детей и специальных популяций.
bsa-mosteller,BSA - Mosteller,1. Клинические калькуляторы,Антропометрия,calculator,США · Международный,yes,1.0.0,Площадь поверхности тела - стандарт в онкологии.
c-ssrs,C-SSRS (Columbia),9. Психиатрия и психология,Суицид,calculator,США · ЕС · РФ · FDA стандарт,yes,1.0.0,Оценка суицидальных идеаций и поведения (стандарт FDA).
ca-corrected,Corrected Ca²⁺ (Payne),1. Клинические калькуляторы,Электролиты / КЩС,calculator,,yes,1.0.0,Коррекция общего кальция на уровень альбумина.
cage-audit,AUDIT / MAST / T-ACE,9. Психиатрия и психология,Зависимости,score,Международный (ВОЗ),yes,1.0.0,Скрининг употребления алкоголя (расширенные шкалы).
cage,CAGE,9. Психиатрия и психология,Зависимости,score,,yes,1.0.0,Быстрый скрининг алкоголизма (4 вопроса).
calcium-pth,Calcium correction / PTH / vitamin D,15. Лабораторная медицина,Эндокринология,calculator,Международный (Endocrine Society · IOF),yes,1.0.0,Диагностика нарушений кальциевого обмена.
calvert,Chemotherapy dose by AUC (Calvert),1. Клинические калькуляторы,Дозирование,calculator,"Международный (ASCO, ESMO)",yes,1.0.0,Расчёт дозы карбоплатина по AUC и функции почек.
cam-icu,CAM-ICU / ICDSC / Nu-DESC / 4AT,6. Анестезиология и ICU,Седация / Делирий,calculator,Международный (SCCM PADIS 2018),yes,1.0.0,Скрининг делирия у пациентов в ICU.
cam,CAM (Inouye) / CAM-ICU / 3D-CAM / b-CAM,2. Диагностические шкалы,Делирий,score,США,yes,1.0.0,Скрининг и диагностика делирия.
can-cspine,Canadian C-Spine Rule / NEXUS C-spine,7. Травматология и военная медицина,Голова / Позвоночник,calculator,Международный,yes,1.0.0,Показания к визуализации шейного отдела при травме.
can-ct-head,Canadian CT Head Rule / New Orleans / NICE,5. Неврология и нейрохирургия,ЧМТ,score,Канада · Международный,yes,1.0.0,Показания к КТ головы у взрослых при лёгкой ЧМТ.
cap-scores,CURB-65 / CRB-65 / PSI / PORT / SMART-COP / A-DROP,11. Инфекционные болезни,Пневмония,calculator,Международный (IDSA/ATS),yes,1.0.0,Оценка тяжести внебольничной пневмонии.
capra,D'Amico / CAPRA / Partin tables,12. Нефрология и урология,Урология,calculator,Международный (AUA/EAU),yes,1.0.0,Стратификация риска и прогноз при раке простаты.
caprini,Caprini,2. Диагностические шкалы,ВТЭ / Кровотечение,score,"Международный (ACCP 2012, AAOS, ASCO)",yes,1.0.0,Оценка риска ВТЭ у хирургических пациентов.
casi,CASI / CCCA staging,22. Прочие специальности,Дерматология,calculator,Международный,yes,1.0.0,Оценка тяжести центральной центробежной рубцовой алопеции.
cast-icdas,CAST / ICDAS II,21. Стоматология,Классификации,calculator,Международный (ICDAS Foundation · CAST Frencken et al.),yes,1.0.0,Визуальная диагностика и классификация кариозных поражений.
cbcl,CBCL / YSR / TRF (Achenbach) / SDQ / PSC-17/35,9. Психиатрия и психология,Дети и подростки,calculator,"Международный (ASEBA, >100 стран)",yes,1.0.0,Оценка эмоциональных и поведенческих проблем у детей и подростков.
cbpi,CBPI / LOAD / HCPI,20. Ветеринарная медицина,Ортопедия,calculator,США (Purdue University),yes,1.0.0,Оценка хронической боли при заболеваниях суставов у собак.
ccs,CCS (Canadian Cardiovascular Society) I-IV,4. Кардиология и сосуды,Стенокардия,score,Международный (CCS · ESC · ACC/AHA),yes,1.0.0,Классификация функциональных классов стенокардии.
cdai,Harvey-Bradshaw / CDAI,7. Травматология и военная медицина,Неотложная хирургия,calculator,"Международный (ECCO 2020, ACG 2018, STRIDE-II 2021)",yes,1.0.0,Оценка активности болезни Крона.
cdc-acip,CDC/ACIP (США),3. Педиатрические инструменты,Иммунизация,calculator,США,yes,1.0.0,Американский календарь профилактических прививок.
cdc-growth,CDC Growth Charts (2-20 лет),3. Педиатрические инструменты,Рост и развитие,calculator,США · международный 2-20 лет,yes,1.0.0,Американские перцентили роста и развития детей и подростков.
cdr,CDR / FAST / GDS-Reisberg,5. Неврология и нейрохирургия,Деменция,calculator,,yes,1.0.0,Стадирование тяжести деменции.
ceap,CEAP,4. Кардиология и сосуды,Сосуды / Аорта,score,Международный (AVF · ESVS · SVS),yes,1.0.0,Классификация хронической венозной недостаточности.
centor,Centor / McIsaac,11. Инфекционные болезни,Бактериальные,score,,yes,1.0.0,Оценка вероятности стрептококкового фарингита и показаний к антибиотикам.
cfs,"Clinical Frailty Scale (Rockwood, 1-9)",2. Диагностические шкалы,Функциональный статус,score,"Международный (NICE, ESICM)",yes,1.0.0,"Оценка хрупкости в гериатрии, ICU, предоперационно."
chads-vasc,CHA₂DS₂-VASc,4. Кардиология и сосуды,Фибрилляция предсердий,score,"Международный (ESC, AHA, РКО)",yes,1.0.0,Оценка риска инсульта и показаний к антикоагуляции при ФП.
charlson,Charlson Comorbidity Index / Elixhauser / Van Walraven,2. Диагностические шкалы,Периоперационная,score,,yes,1.0.0,Оценка коморбидности и долгосрочного прогноза.
cheson,Cheson / Lugano / IWG / IMWG,10. Онкология,Ответ на лечение,calculator,Международный (Lugano 2014),yes,1.0.0,Оценка ответа на лечение лимфом и миеломы.
child-meld,Child-Pugh / MELD / MELD-Na / MELD 3.0,7. Травматология и военная медицина,Неотложная хирургия,score,,yes,1.0.0,Оценка тяжести цирроза и приоритета трансплантации печени.
china,Chinese Medical Association / Chinese Pharmacopoeia / NRDL,19. Региональные стандарты,Китай,calculator,Китай (КНР),yes,1.0.0,Китайские клинические рекомендации и фармакопея.
cis,Украина / Беларусь / Казахстан: локальные КР МЗ,19. Региональные стандарты,СНГ,calculator,"СНГ / ЕАЭС (РФ, Беларусь, Казахстан, Кыргызстан, Армения)",yes,1.0.0,Клинические рекомендации стран СНГ.
cite,FIV/FeLV CITE / FIP AGP/ALB / Tick-borne IDEXX 4Dx,20. Ветеринарная медицина,Инфекционные,calculator,США (Cornell / AAEP) · международный,yes,1.0.0,Экспресс-диагностика ветеринарных инфекций.
ciwa,CIWA-Ar,9. Психиатрия и психология,Зависимости,calculator,Международный,yes,1.0.0,Оценка тяжести алкогольного абстинентного синдрома.
ckd-epi,CKD-EPI 2009 / 2021 (race-free),1. Клинические калькуляторы,Функция почек,calculator,Международный (KDIGO),yes,1.0.0,Современный стандарт стадирования хронической болезни почек.
clavien,Clavien-Dindo + CCI,2. Диагностические шкалы,Периоперационная,score,,yes,1.0.0,Стандартная классификация тяжести послеоперационных осложнений.
clsi,CLSI C28-A3 / IFCC / Common Reference / CALIPER (peds),15. Лабораторная медицина,Референсы,calculator,"Международный (CLSI, США)",yes,1.0.0,Международные стандарты лабораторных референсных интервалов.
cmps-sf,Modified Glasgow Composite Pain (CMPS-SF),20. Ветеринарная медицина,Боль,calculator,Международный (WSAVA · Glasgow),yes,1.0.0,Оценка боли у собак и кошек по поведенческим признакам.
cmqcc,CMQCC / AWHONN / RCOG 52,8. Акушерство и гинекология,ПРК,calculator,"США (CMQCC/AWHONN), UK (RCOG 52), международно",yes,1.0.0,Протоколы профилактики и ведения послеродового кровотечения.
cochrane,Cochrane Library / BMJ Evidence / JAMA / NEJM,18. Учебные инструменты,Базы знаний,calculator,Международный (Cochrane Collaboration),yes,1.0.0,Источники систематических обзоров и доказательной медицины.
cockcroft,Cockcroft-Gault (CrCl),1. Клинические калькуляторы,Функция почек,calculator,США (FDA) · ЕС (EMA) · Международный,yes,1.0.0,Клиренс креатинина - стандарт FDA/EMA для дозирования лекарств.
code-stemi,Code STEMI / Code Stroke / Sepsis Bundle,17. Протоколы экстренной помощи,Госпитальные pathways,calculator,"США (AHA/ACC), ЕС (ESC), РФ",yes,1.0.0,"Ускоренные госпитальные протоколы при ИМ, инсульте, сепсисе."
colorado-pain,Colorado State Pain / UNESP-Botucatu Feline / Grimace Scale,20. Ветеринарная медицина,Боль,calculator,США (CSU) · международный,yes,1.0.0,Альтернативные шкалы оценки боли у животных.
complete-anatomy,Complete Anatomy / Visible Body / BioDigital / Anatomy.app,18. Учебные инструменты,Визуализация / Анатомия,calculator,"Ирландия / Международный (3D4Medical, часть Elsevier)",yes,1.0.0,Интерактивные 3D-приложения анатомии.
conners,Conners-3 / Vanderbilt / SNAP-IV / ADHD-RS-5,9. Психиатрия и психология,СДВГ,calculator,США / Международный,yes,1.0.0,Оценка СДВГ у детей и подростков.
consmed,Рубрикатор КР Минздрава РФ / ConsMed / Consilium Medicum,18. Учебные инструменты,Базы знаний,calculator,Российская Федерация · СНГ,yes,1.0.0,Российские клинические базы знаний.
cortisol,ACTH stim / LDST / HDST / Midnight salivary,15. Лабораторная медицина,Эндокринология,calculator,Международный (Endocrine Society · РАЭ),yes,1.0.0,Диагностика гипер- и гипокортизолизма.
covid,4C Mortality / COVID-GRAM / NEWS2 COVID / CO-RADS,11. Инфекционные болезни,COVID-19,calculator,Международный (ISARIC/WHO),yes,1.0.0,Оценка тяжести и прогноза при COVID-19.
cows,COWS / SOWS / ClinOWS,9. Психиатрия и психология,Зависимости,calculator,Международный,yes,1.0.0,Оценка тяжести опиоидного абстинентного синдрома.
cpi,CPI / CPITN / PSR,21. Стоматология,Периодонтология,calculator,"Международный (WHO Oral Health Surveys 5th ed., 2013)",yes,1.0.0,Оценка пародонтологического статуса в популяционных исследованиях.
cpic,CPIC / DPWG / CPNDS / PharmGKB,14. Фармакология и лекарства,Фармакогеномика,calculator,"Международный (CPIC, США)",yes,1.0.0,Рекомендации по фармакогенетическому дозированию.
cpot,CPOT / BPS,2. Диагностические шкалы,Боль,score,Международный (SCCM PADIS 2018),yes,1.0.0,Оценка боли у интубированных пациентов в ICU.
cpp,Церебральное перфузионное давление (CPP),6. Анестезиология и ICU,Нейроинтенсив,calculator,Международный,yes,1.0.0,Расчёт перфузии мозга и целевые уровни при нейроинтенсиве.
crafft,CRAFFT,9. Психиатрия и психология,Зависимости,calculator,"США (AAP, NIAAA)",yes,1.0.0,Скрининг употребления ПАВ у подростков.
crawford,Crawford,4. Кардиология и сосуды,Сосуды / Аорта,score,Международный (ESVS · SVS · ESC 2024),yes,1.0.0,Классификация торакоабдоминальных аневризм аорты.
credmeds,CredibleMeds (Arizona CERT) / Tisdale,14. Фармакология и лекарства,QT-prolongation,calculator,"Международный (AZCERT, США)",yes,1.0.0,"База препаратов, удлиняющих QT и вызывающих Torsades."
cri-vet,Drip rates / CRI / Allometric dosing,20. Ветеринарная медицина,Формулы,calculator,Международный (ACVAA · BSAVA),yes,1.0.0,Дозирование и инфузионная терапия в ветеринарии.
crib,CRIB-II / SNAP-II / SNAPPE-II,3. Педиатрические инструменты,Новорождённые,score,Международный (NICU),yes,1.0.0,Оценка тяжести состояния в неонатальной реанимации.
ctas,CTAS (Canadian Triage and Acuity Scale),2. Диагностические шкалы,Триаж,score,Канада,yes,1.0.0,Канадский стандарт триажа в отделениях неотложной помощи.
ctcae-neuro,CTCAE neuropathy grading,5. Неврология и нейрохирургия,Нейропатическая боль,score,Международный (NCI / FDA / EMA),yes,1.0.0,Градация химиотерапия-индуцированной нейропатии.
ctcae,CTCAE v5.0 (NCI),10. Онкология,Токсичность,calculator,Международный (NCI CTCAE v5.0),yes,1.0.0,Градация побочных эффектов онкологической терапии.
ctg,FIGO / NICHD CTG (I/II/III),8. Акушерство и гинекология,Беременность,calculator,"Международный (FIGO, ACOG, NICHD)",yes,1.0.0,Интерпретация кардиотокограммы плода.
curb65,CURB-65 / PSI / SMART-COP / A-DROP,6. Анестезиология и ICU,ARDS,score,,yes,1.0.0,Оценка тяжести внебольничной пневмонии.
cystatin,Цистатин C (CKD-EPI cys),1. Клинические калькуляторы,Функция почек,calculator,Международный (KDIGO),yes,1.0.0,Уточнение СКФ - не зависит от мышечной массы.
d-amico,D'Amico / NCCN risk groups,10. Онкология,Специфические,calculator,Международный (AUA / EAU / NCCN),yes,1.0.0,Стратификация риска при раке простаты.
das28,DAS28 / CDAI / SDAI / RAPID3,22. Прочие специальности,Ревматология,calculator,,yes,1.0.0,Оценка активности ревматоидного артрита.
dast,DAST-10/20 / ASSIST (WHO),9. Психиатрия и психология,Зависимости,calculator,Международный,yes,1.0.0,Скрининг употребления психоактивных веществ.
denis,Denis three-column,7. Травматология и военная медицина,Ортопедия,score,Международный,yes,1.0.0,Трёхколонная классификация травм позвоночника.
denver,Denver II / ASQ-3 / Bayley-III/4 / Griffiths / PARS (РФ),3. Педиатрические инструменты,Психомоторное развитие,calculator,США · международный,yes,1.0.0,Скрининг психомоторного развития у детей.
dhi,DHI / Vertigo Symptom Scale,22. Прочие специальности,ЛОР,calculator,Международный (AAO-HNS),yes,1.0.0,Оценка влияния головокружения на жизнь пациента.
diamond-forrester,Diamond-Forrester / CAD Consortium / ESC 2019,4. Кардиология и сосуды,Стенокардия,calculator,ЕС · Международный,yes,1.0.0,Оценка предтестовой вероятности ИБС.
dic,ISTH DIC / JMHW DIC / JAAM DIC,15. Лабораторная медицина,Гематология,calculator,Международный (ISTH 2001),yes,1.0.0,Диагностика синдрома диссеминированного внутрисосудистого свёртывания.
dix-hallpike,Dix-Hallpike / HINTS / HINTS plus,22. Прочие специальности,ЛОР,calculator,Международный (AAO-HNS / Barany),yes,1.0.0,Дифф. диагностика периферического и центрального вертиго.
dka,"DKA fluid/insulin protocols (JBDS, ISPAD, ADA)",1. Клинические калькуляторы,Дозирование,calculator,Великобритания (JBDS) · США (ADA) · Международный (ISPAD),yes,1.0.0,Протоколы инфузии и инсулина при диабетическом кетоацидозе.
dlqi,DLQI / Skindex-16/29,22. Прочие специальности,Дерматология,calculator,Международный,yes,1.0.0,Оценка качества жизни при кожных заболеваниях.
dmft,DMFT / DMFS / dmft / deft (WHO),21. Стоматология,Классификации,calculator,"Международный (WHO Oral Health Surveys, 5th ed. 2013)",yes,1.0.0,Индексы распространённости и интенсивности кариеса.
dn4,DN4 / LANSS / painDETECT,2. Диагностические шкалы,Боль,score,Международный (IASP NeuPSIG),yes,1.0.0,Скрининг нейропатического компонента боли.
doac,DOAC dose adjustment,1. Клинические калькуляторы,Дозирование,calculator,Международный (EHRA / ESC) · США (FDA) · ЕС (EMA),yes,1.0.0,"Коррекция дозы прямых оральных антикоагулянтов по CrCl, возрасту, массе."
door-to,Door-to-needle / Door-to-balloon,17. Протоколы экстренной помощи,Госпитальные pathways,calculator,"США (AHA/ACC), ЕС, международно",yes,1.0.0,Временные стандарты оказания помощи при ИМ и инсульте.
downes,Downes score,3. Педиатрические инструменты,Новорождённые,score,Международный,yes,1.0.0,Альтернативная оценка дыхательной недостаточности у новорождённых.
dragon,DRAGON / MRS-DRAGON / THRIVE / iScore / SPAN-100,5. Неврология и нейрохирургия,Инсульт,score,Международный (Helsinki Stroke),yes,1.0.0,Прогноз исходов после тромболизиса.
drip-rate,Drip rate (gtt/min),1. Клинические калькуляторы,Дозирование,calculator,Международный,yes,1.0.0,Расчёт скорости в каплях в минуту для капельной инфузии.
drs,Disability Rating Scale (DRS),5. Неврология и нейрохирургия,ЧМТ,score,,yes,1.0.0,Оценка инвалидизации после тяжёлой ЧМТ.
dsm-icd,DSM-5-TR / МКБ-10 F / МКБ-11 / РБК,9. Психиатрия и психология,Общий скрининг,calculator,США (APA DSM) / Международный (WHO ICD),yes,1.0.0,Основные международные классификации психических расстройств.
dsm5tr,DSM-5-TR (APA),16. Справочники и классификаторы,Диагнозы,calculator,США (APA) · международно в исследованиях,yes,1.0.0,Диагностическое и статистическое руководство по психическим расстройствам.
dubowitz,Dubowitz,3. Педиатрические инструменты,Новорождённые,score,Международный (исторический),yes,1.0.0,Классическая шкала оценки гестационного возраста.
duke-treadmill,Duke Treadmill Score,4. Кардиология и сосуды,Стенокардия,calculator,США · международный,yes,1.0.0,Прогноз по результатам нагрузочной пробы.
duke,Modified Duke Criteria (2023 ISCVID),4. Кардиология и сосуды,Эндокардит / Клапаны,score,Международный (ISCVID · ESC 2023 · AHA),yes,1.0.0,Диагностика инфекционного эндокардита.
eat26,EAT-26 / SCOFF / EDE-Q / ChEAT / ANSOCQ,9. Психиатрия и психология,Пищевое поведение,calculator,Международный,yes,1.0.0,Скрининг расстройств пищевого поведения.
eceb,Essential Care for Every Baby (ECEB) / ECSB,17. Протоколы экстренной помощи,Реанимация,calculator,AAP / ВОЗ / USAID - global low-resource settings,yes,1.0.0,Пакеты ВОЗ по базовой помощи новорождённым.
ecog-kps,ECOG PS / KPS / Lansky,10. Онкология,Общий статус,calculator,Международный (ECOG / Karnofsky),yes,1.0.0,Оценка общего функционального статуса онкологического больного.
ecog,ECOG / WHO / Zubrod (0-5),2. Диагностические шкалы,Функциональный статус,score,Международный (ECOG/WHO),yes,1.0.0,Упрощённая оценка функционального статуса в онкологии.
edacs,EDACS-ADP,4. Кардиология и сосуды,ОКС / ИМ,score,Австралия · Н.Зеландия · международная,yes,1.0.0,Ускоренный протокол оценки боли в груди (австралийский).
edmonton-frail,Edmonton Frail / FRAIL / Fried / PRISMA-7 / Tilburg,2. Диагностические шкалы,Функциональный статус,score,Канада · Международный,yes,1.0.0,Комплексная оценка синдрома хрупкости у пожилых.
edss,EDSS Kurtzke (0-10),5. Неврология и нейрохирургия,Рассеянный склероз,calculator,,yes,1.0.0,Оценка инвалидизации при рассеянном склерозе.
ehra,EHRA symptom class (I-IV),4. Кардиология и сосуды,Фибрилляция предсердий,score,Международный (ESC / EHRA),yes,1.0.0,Классификация выраженности симптомов фибрилляции предсердий.
ems-assess,OPQRST / SAMPLE / DCAP-BTLS / AVPU,17. Протоколы экстренной помощи,Догоспитальная травма,calculator,"NAEMT / NREMT (США), стандарт EMS обучения международно",yes,1.0.0,Стандартные алгоритмы оценки пациента догоспитально.
engel,Engel / ILAE outcome,5. Неврология и нейрохирургия,Эпилепсия,score,,yes,1.0.0,Оценка исходов эпилептической хирургии.
enneking,Enneking,10. Онкология,Стадирование,calculator,Международный (MSTS / Enneking),yes,1.0.0,Стадирование сарком мягких тканей и костей.
epals,EPALS / APLS / EPLS / EHAC,17. Протоколы экстренной помощи,Реанимация,calculator,"Европа (ERC), Великобритания (APLS), международно",yes,1.0.0,Европейские педиатрические протоколы реанимации.
epds,EPDS,8. Акушерство и гинекология,Депрессия,score,,yes,1.0.0,Скрининг послеродовой депрессии.
epi-who,EPI WHO / STIKO (Германия) / HAS (Франция),3. Педиатрические инструменты,Иммунизация,calculator,Международный · Германия · Франция,yes,1.0.0,Международные и национальные схемы вакцинации.
epworth,Epworth Sleepiness Scale (ESS),5. Неврология и нейрохирургия,Сон,score,Международный,yes,1.0.0,Скрининг дневной сонливости.
erc,ERC Guidelines,17. Протоколы экстренной помощи,Реанимация,calculator,Европа (ERC member councils),yes,1.0.0,"Европейские протоколы реанимации ALS, BLS, PLS."
esc-eu,ESC / ESMO / ESICM / ESA / ESPEN / ESGE / EAU / ERS / ESO,19. Региональные стандарты,Европа,calculator,ЕС / Европа (референс для всех стран Европейского кардиологического общества),yes,1.0.0,Рекомендации европейских медицинских обществ по специальностям.
esc-nste,ESC 0/1-h и 0/2-h hs-cTn,4. Кардиология и сосуды,ОКС / ИМ,calculator,ЕС · международный,yes,1.0.0,Ускоренный алгоритм исключения ИМ по тропонину.
esc-pe,ESC PE 2019/2024,4. Кардиология и сосуды,ТЭЛА,calculator,ЕС · международный,yes,1.0.0,Стратификация риска и выбор тактики при ТЭЛА.
esi,ESI v.5 (Emergency Severity Index),2. Диагностические шкалы,Триаж,score,США,yes,1.0.0,Сортировка пациентов в отделении неотложной помощи (стандарт США).
etc,ETC (European Trauma Course),17. Протоколы экстренной помощи,Догоспитальная травма,calculator,"ERC / ESTES (Европа, ≥ 30 стран)",yes,1.0.0,Европейский курс по ведению травмы.
etdrs-dr,ETDRS DR / ICO International DR/DME,22. Прочие специальности,Офтальмология,calculator,Международный (AAO / ETDRS),yes,1.0.0,Классификация диабетической ретинопатии и макулярного отёка.
etg,eTG Australia / AMH / RACGP / ANZICS,19. Региональные стандарты,Австралия / ЮВА,calculator,"Австралия (также Новая Зеландия — частично; референс в Фиджи, PNG, Pacific)",yes,1.0.0,Австралийские и новозеландские клинические рекомендации.
euroscore,EuroSCORE II / STS Risk Score,4. Кардиология и сосуды,Эндокардит / Клапаны,calculator,ЕС · международный,yes,1.0.0,Оценка риска смерти при кардиохирургических операциях.
evans,Evans index,5. Неврология и нейрохирургия,Нейрохирургия,calculator,Международный,yes,1.0.0,КТ-индекс для диагностики гидроцефалии.
evidencepoint,EvidencePoint / Omni Calculator Medical,18. Учебные инструменты,Калькуляторы,calculator,США / Международный,yes,1.0.0,Альтернативные веб-калькуляторы для клинической практики.
faced,FACED / BSI,13. Пульмонология,Бронхоэктазы,calculator,Международный (ERS),yes,1.0.0,Оценка тяжести и прогноза при бронхоэктатической болезни.
fagerstrom,Fagerström (FTND/FTCD),9. Психиатрия и психология,Зависимости,score,,yes,1.0.0,Оценка степени никотиновой зависимости.
far-ru,Клинические рекомендации ФАР по СЛР,17. Протоколы экстренной помощи,Реанимация,calculator,Россия (ФАР),yes,1.0.0,Российские рекомендации по сердечно-лёгочной реанимации.
fast-us,FAST / eFAST,7. Травматология и военная медицина,Абдоминальная травма,calculator,Международный (ATLS),yes,1.0.0,Ультразвуковой протокол оценки травмы.
fast,FAST / BE-FAST / CPSS / LAPSS / RACE / LAMS / VAN,5. Неврология и нейрохирургия,Инсульт,score,"Международный (AHA/ASA, ESO)",yes,1.0.0,Догоспитальный скрининг инсульта.
fdi-dent,FDI / Universal Numbering (ADA) / Palmer,21. Стоматология,Классификации,calculator,Международный (FDI World Dental Federation) · ISO 3950,yes,1.0.0,Системы нумерации и обозначения зубов.
fdi,FDI / Universal Numbering (ADA) / Palmer,16. Справочники и классификаторы,Стоматология,calculator,Международный (FDI World Dental Federation) · ISO 3950,yes,1.0.0,Системы нумерации зубов.
febrile-neutro,MASCC / CISNE,10. Онкология,Профилактика,calculator,"Международный (IDSA 2010, ESMO 2016, NCCN 2024)",yes,1.0.0,Оценка риска осложнений при фебрильной нейтропении.
fena,FENa / FEUrea,1. Клинические калькуляторы,Функция почек,calculator,,yes,1.0.0,Дифф. диагностика преренальной и ренальной ОПП.
ferriman,Ferriman-Gallwey,22. Прочие специальности,Эндокринология,calculator,Международный,yes,1.0.0,Оценка выраженности гирсутизма у женщин.
feverpain,FeverPAIN,11. Инфекционные болезни,Бактериальные,score,Великобритания (NICE),yes,1.0.0,Британская шкала оценки фарингита и показаний к антибиотикам.
fib4-lab,FIB-4 / APRI,15. Лабораторная медицина,Печень,calculator,Международный (AASLD / EASL),yes,1.0.0,Неинвазивная оценка фиброза печени по лабораторным данным.
fib4,FIB-4 / APRI / NAFLD FS / FibroTest / FibroScan,7. Травматология и военная медицина,Неотложная хирургия,calculator,"Международный (AASLD 2023, EASL 2021, WHO)",yes,1.0.0,Неинвазивная оценка фиброза печени.
fibrotest,FibroTest / FibroSure / ELF test / FibroScan,15. Лабораторная медицина,Печень,calculator,"Международный (лицензирован BioPredictive, Франция)",yes,1.0.0,Неинвазивная оценка стеатоза и фиброза печени.
figo-onco,FIGO,10. Онкология,Стадирование,calculator,Международный (WHO / FIGO),yes,1.0.0,Стадирование гинекологических злокачественных опухолей.
figo-staging,FIGO 2018 staging,8. Акушерство и гинекология,Гинекология,calculator,Международный (FIGO),yes,1.0.0,Стадирование онкогинекологических заболеваний.
fim-rehab,FIM / Barthel / mRS / GOS-E,22. Прочие специальности,Реабилитация,calculator,Международный,yes,1.0.0,Оценка функциональной независимости и исходов реабилитации.
finnegan,Finnegan NAS/FNAS,3. Педиатрические инструменты,Новорождённые,score,Международный,yes,1.0.0,Оценка синдрома неонатальной абстиненции.
fitzpatrick,Fitzpatrick Skin Type (I-VI),22. Прочие специальности,Дерматология,calculator,Международный (AAD / Fitzpatrick),yes,1.0.0,Классификация фототипов кожи по реакции на УФ-излучение.
flacc,FLACC (2 мес-7 лет),2. Диагностические шкалы,Боль,score,Международный,yes,1.0.0,Поведенческая оценка боли у невербальных детей.
fms-wpi,ACR Fibromyalgia / FMS WPI + SS,22. Прочие специальности,Ревматология,calculator,Международный (ACR 2016),yes,1.0.0,Диагностические критерии и оценка тяжести фибромиалгии.
formular-ru,Формулярный комитет РАН / РЛС / Видаль РФ / Машковский,19. Региональные стандарты,Россия,calculator,Российская Федерация,yes,1.0.0,Российские формулярные справочники лекарственных средств.
forrest,Forrest classification,7. Травматология и военная медицина,Неотложная хирургия,calculator,,yes,1.0.0,Эндоскопическая классификация язвенного кровотечения.
forrester,Forrester / Nohria-Stevenson,4. Кардиология и сосуды,Сердечная недостаточность,calculator,,yes,1.0.0,Гемодинамические профили для выбора терапии ХСН.
foto,FOTO outcomes / PROMIS CATs,22. Прочие специальности,Реабилитация,calculator,США (FOTO Inc.),yes,1.0.0,Адаптивные компьютеризированные измерения исходов.
four,FOUR Score (0-16),5. Неврология и нейрохирургия,Сознание,score,Международный (Mayo Clinic / AAN),yes,1.0.0,Оценка сознания у интубированных пациентов (альтернатива GCS).
fps-r,FPS-R (Faces Pain Scale Revised),2. Диагностические шкалы,Боль,score,Международный (IASP),yes,1.0.0,Оценка боли у детей 4-12 лет по лицам.
framingham-hf,Framingham HF criteria (Boston),4. Кардиология и сосуды,Сердечная недостаточность,score,Международный,yes,1.0.0,Клинические критерии диагностики ХСН.
framingham,Framingham Risk Score (FRS),4. Кардиология и сосуды,ССС-риск,calculator,США · Международный,yes,1.0.0,Оценка 10-летнего риска ИБС (историческая шкала США).
frankl,Frankl / Venham's / Cuthbert-Melamed,21. Стоматология,Детская стоматология,calculator,Международный,yes,1.0.0,Оценка поведения ребёнка на стоматологическом приёме.
frax-e,FRAX,22. Прочие специальности,Эндокринология,calculator,Международный (WHO/FRAX),yes,1.0.0,Оценка 10-летнего риска остеопоротических переломов.
frax-men,FRAX,8. Акушерство и гинекология,Менопауза,calculator,"Международный (FRAX, NOF, AACE)",yes,1.0.0,Оценка 10-летнего риска остеопоротических переломов.
frenchay,Frenchay Dysarthria / BDAE / WAB-R / AAT / MTDDA,22. Прочие специальности,Аудиология / Речь,calculator,Международный (UK / US),yes,1.0.0,Оценка дизартрии и афазии.
friedewald,Friedewald LDL,15. Лабораторная медицина,Липиды,calculator,,yes,1.0.0,Расчёт ЛПНП по липидному профилю.
friedman,Friedman staging,22. Прочие специальности,ЛОР,calculator,Международный (AAO-HNS),yes,1.0.0,Прогноз эффективности хирургического лечения СОАС.
frykman,Frykman,7. Травматология и военная медицина,Ортопедия,score,Международный (исторический),yes,1.0.0,Классификация переломов дистального отдела лучевой кости.
fst,Furosemide stress test (FST),6. Анестезиология и ICU,AKI,calculator,Международный,yes,1.0.0,Функциональный тест для прогноза прогрессии ОПП.
gad7,GAD-7,9. Психиатрия и психология,Тревога,score,,yes,1.0.0,Скрининг генерализованного тревожного расстройства.
gail,Gail / Tyrer-Cuzick (IBIS) / BOADICEA / CanRisk,10. Онкология,Скрининг рисков,calculator,"Международный (NCI, USPSTF, NCCN)",yes,1.0.0,Оценка индивидуального риска рака молочной железы.
gap-ild,GAP index / ILD-GAP,13. Пульмонология,ИЛФ / ILD,calculator,Международный (ATS/ERS/JRS/ALAT),yes,1.0.0,Прогноз выживаемости при идиопатическом лёгочном фиброзе.
garden,Garden (I-IV) / Pauwels,7. Травматология и военная медицина,Ортопедия,score,Международный,yes,1.0.0,Классификация переломов шейки бедренной кости.
gbs,Glasgow-Blatchford score,7. Травматология и военная медицина,Неотложная хирургия,score,,yes,1.0.0,Оценка риска и необходимости эндоскопии при UGIB.
gcs,Glasgow Coma Scale (GCS) + педиатрическая,5. Неврология и нейрохирургия,Сознание,score,Международный,yes,1.0.0,"Оценка уровня сознания при ЧМТ, инсульте, коме."
gds,EPDS / GDS (гериатрия) / CDI (дети) / Kutcher,9. Психиатрия и психология,Депрессия,score,Международный · рекомендовано у ≥65 лет,yes,1.0.0,Специализированные шкалы депрессии по возрастным группам.
gell-coombs,Gell-Coombs / EAACI / Ring-Messmer / WAO,22. Прочие специальности,Аллергология,calculator,Международный,yes,1.0.0,Классификация типов реакций гиперчувствительности.
geneva,Geneva revised / simplified,2. Диагностические шкалы,ВТЭ / Кровотечение,score,Международный (ESC 2019),yes,1.0.0,Альтернативная шкала вероятности ТЭЛА.
geotar,Национальные руководства «ГЭОТАР-Медиа»,19. Региональные стандарты,Россия,calculator,Российская Федерация,yes,1.0.0,Российские национальные руководства по специальностям.
gina,GINA 2024 control / ACT / ACQ-7 / PAQLQ,13. Пульмонология,Астма,calculator,Международный (GINA),yes,1.0.0,Оценка контроля бронхиальной астмы.
gingival,Gingival Index / Plaque Index / OHI-S,21. Стоматология,Периодонтология,calculator,"Международный (Loe & Silness, 1963)",yes,1.0.0,Индексы гигиены полости рта и воспаления дёсен.
gleason,Gleason / ISUP Grade,10. Онкология,Специфические,calculator,Международный (ISUP 2014 / WHO 2016),yes,1.0.0,Гистологическая классификация рака простаты.
gli,FEV₁/FVC / GLI reference,13. Пульмонология,ХОБЛ,calculator,Международный (ATS/ERS),yes,1.0.0,"Интерпретация спирометрии с учётом возраста, пола и роста."
glim,GLIM criteria (2019),2. Диагностические шкалы,Питание,score,Международный (ESPEN · ASPEN · FELANPE · PENSA),yes,1.0.0,Международные критерии диагностики недоедания.
gmsps,Glasgow Meningococcal Septicaemia (GMSPS),11. Инфекционные болезни,Менингит,calculator,Великобритания / Международный,yes,1.0.0,Оценка тяжести менингококкового сепсиса.
gold,GOLD 2024 ABE / ABCD,13. Пульмонология,ХОБЛ,calculator,,yes,1.0.0,Классификация групп риска и выбор терапии ХОБЛ.
grace,GRACE 2.0,4. Кардиология и сосуды,ОКС / ИМ,calculator,"Международный (ESC, AHA)",yes,1.0.0,Оценка госпитальной и 6-месячной смертности при ОКС.
grbas,GRBAS / CAPE-V,22. Прочие специальности,Аудиология / Речь,calculator,Международный (ELS / JSLP),yes,1.0.0,Перцептивная оценка качества голоса.
greene,Greene / Kupperman / MRS,8. Акушерство и гинекология,Менопауза,calculator,Международный,yes,1.0.0,Оценка выраженности климактерических симптомов.
gustilo,Gustilo-Anderson (I-IIIC),7. Травматология и военная медицина,Ортопедия,score,Международный,yes,1.0.0,Классификация открытых переломов.
gwtg,Get With The Guidelines (AHA),17. Протоколы экстренной помощи,Госпитальные pathways,calculator,"США (AHA), применяется в 2600+ госпиталях",yes,1.0.0,"Госпитальные протоколы AHA по инсульту, ХСН, реанимации."
h2fpef,H2FPEF / HFA-PEFF,4. Кардиология и сосуды,Сердечная недостаточность,score,Международный,yes,1.0.0,Диагностика ХСН с сохранённой фракцией выброса.
hachinski,Hachinski Ischemic Score,5. Неврология и нейрохирургия,Деменция,score,,yes,1.0.0,Дифференциация сосудистой деменции и болезни Альцгеймера.
hacor,HACOR,6. Анестезиология и ICU,ARDS,score,Международный,yes,1.0.0,Прогноз неудачи неинвазивной вентиляции лёгких.
ham-a,HAM-A / BAI / STAI / PSWQ,9. Психиатрия и психология,Тревога,calculator,Международный,yes,1.0.0,Клинические шкалы тревожных расстройств.
ham-d,HAM-D / MADRS / QIDS / Zung / CES-D,9. Психиатрия и психология,Депрессия,calculator,Международный,yes,1.0.0,Клинические шкалы тяжести депрессии.
harriet-lane,Frank Shann / Harriet Lane / Nelson Pediatric Antimicrobial,14. Фармакология и лекарства,Детские дозы,calculator,США (Johns Hopkins) · международный стандарт педиатрии,yes,1.0.0,Справочники детских дозировок препаратов.
harris-hip,Harris Hip / Oxford Hip/Knee,7. Травматология и военная медицина,Суставы / Хрящ,calculator,Международный (Oxford - UK NJR стандарт),yes,1.0.0,Оценка функции тазобедренного и коленного суставов.
has-bled,HAS-BLED / ORBIT / ATRIA / HEMORR2HAGES,2. Диагностические шкалы,ВТЭ / Кровотечение,score,,yes,1.0.0,Оценка риска большого кровотечения на антикоагулянтах при ФП.
has-fr,HAS / Vidal,19. Региональные стандарты,Европа,calculator,"France (also followed in Belgium, Luxembourg, Monaco; reference for Francophone Africa)",yes,1.0.0,Французские клинические рекомендации и лекарственный справочник.
hawkins,Hawkins,7. Травматология и военная медицина,Ортопедия,score,Международный,yes,1.0.0,Классификация переломов таранной кости.
hba1c,HbA1c ↔ eAG,15. Лабораторная медицина,Эндокринология,calculator,,yes,1.0.0,Перевод HbA1c в среднюю глюкозу за 2-3 месяца.
hbb,Helping Babies Breathe / Helping Babies Survive,17. Протоколы экстренной помощи,Реанимация,calculator,АAP / ВОЗ / USAID - low-resource settings глобально,yes,1.0.0,Программа реанимации новорождённых для стран с ограниченными ресурсами.
hcr20,HCR-20 V3 / VRAG / START / Brøset,9. Психиатрия и психология,Риск насилия,calculator,Международный (судебная психиатрия),yes,1.0.0,Оценка риска насильственного поведения.
head-growth,Рост головы / МПК / Z-score / BMI-for-age,3. Педиатрические инструменты,Рост и развитие,calculator,Международный (ВОЗ),yes,1.0.0,Антропометрические нормы у детей и подростков.
heart,HEART score / HEART Pathway,4. Кардиология и сосуды,ОКС / ИМ,score,,yes,1.0.0,Триаж пациентов с болью в груди в отделении неотложной помощи.
hellp,HELLP Mississippi / Tennessee,8. Акушерство и гинекология,Преэклампсия,calculator,Международный,yes,1.0.0,Классификация тяжести HELLP-синдрома.
henderson-lab,Henderson-Hasselbalch / Winter / Albert / delta-delta,15. Лабораторная медицина,Газы крови,calculator,Международный,yes,1.0.0,Анализ кислотно-щелочного состояния.
henderson,Henderson-Hasselbalch / Stewart,1. Клинические калькуляторы,Электролиты / КЩС,calculator,Международный,yes,1.0.0,Анализ кислотно-щелочного состояния.
hics,HICS / HEICS / NATO CIMIC / NHS major incident / МЧС «Защита»,17. Протоколы экстренной помощи,Массовые потери,calculator,"США (CalEMSA + FEMA), адаптирован в ЕС, РФ, Азии",yes,1.0.0,Системы управления при массовых потерях и ЧС.
hinchey,Hinchey (I-IV),7. Травматология и военная медицина,Неотложная хирургия,calculator,,yes,1.0.0,Классификация острого дивертикулита и выбор тактики.
hit-lab,4T / HEP score,15. Лабораторная медицина,Гематология,calculator,Международный (ASH 2018),yes,1.0.0,Оценка вероятности гепарин-индуцированной тромбоцитопении.
hiv-who,WHO clinical staging / CDC A/B/C + CD4,11. Инфекционные болезни,ВИЧ,calculator,Международный (WHO),yes,1.0.0,Клиническое и иммунологическое стадирование ВИЧ-инфекции.
hodapp,Hodapp-Parrish-Anderson / GSS2,22. Прочие специальности,Офтальмология,calculator,Международный (AAO),yes,1.0.0,Классификация тяжести глаукомного поражения полей зрения.
hoehn,Hoehn and Yahr (1-5),5. Неврология и нейрохирургия,Паркинсон,calculator,,yes,1.0.0,Стадирование болезни Паркинсона.
holliday-segar,Holliday-Segar (4-2-1 rule),1. Клинические калькуляторы,Дозирование,calculator,,yes,1.0.0,Поддерживающая инфузия у детей и взрослых по массе тела.
homa-ir,HOMA-IR / QUICKI / Matsuda / HOMA-β,15. Лабораторная медицина,Эндокринология,calculator,,yes,1.0.0,Оценка инсулинорезистентности и функции β-клеток.
house-brackmann,House-Brackmann (I-VI) / Sunnybrook,5. Неврология и нейрохирургия,Нейропатическая боль,score,Международный,yes,1.0.0,Оценка тяжести пареза лицевого нерва.
hs-ctn,hs-cTn cutoffs,15. Лабораторная медицина,Сердечные маркеры,calculator,Международный (ESC · ACC),yes,1.0.0,Пороговые значения высокочувствительного тропонина.
htn-tod,"Поражение органов-мишеней (LVH, UACR)",4. Кардиология и сосуды,Гипертензия,score,Международный (ESC/ESH · ACC/AHA · РКО),yes,1.0.0,Выявление поражения органов-мишеней при гипертензии.
hughes-gbs,Hughes GBS (0-6) / EGOS / mEGOS,5. Неврология и нейрохирургия,Миастения / ALS / GBS,score,Международный,yes,1.0.0,Оценка тяжести и прогноза синдрома Гийена-Барре.
hunt-hess,Hunt-Hess / Fisher / modified Fisher / PAASH,5. Неврология и нейрохирургия,Инсульт,score,,yes,1.0.0,Тяжесть и прогноз субарахноидального кровоизлияния.
hurley,Hurley / IHS4 / HiSCR,22. Прочие специальности,Дерматология,calculator,Международный (AAD / EHSF),yes,1.0.0,Классификация и оценка гидраденита.
iadpsg,IADPSG / WHO / Carpenter-Coustan / NICE / РОАГ,8. Акушерство и гинекология,Диабет беременных,calculator,"Международный (IADPSG/WHO), США (C-C), UK (NICE), РФ (РОАГ)",yes,1.0.0,Критерии диагностики гестационного сахарного диабета.
iap,IAP growth / Indian National Formulary / NICE ICMR / MCI / NMC,19. Региональные стандарты,Индия,calculator,Индия (также референс в ряде стран Южной Азии),yes,1.0.0,Индийские клинические стандарты и руководства.
ibw-devine,IBW - Devine,1. Клинические калькуляторы,Антропометрия,calculator,,yes,1.0.0,Идеальная масса тела для дозирования анестетиков и нутритивной поддержки.
ibw-robinson,IBW - Robinson / Miller / Hamwi,1. Клинические калькуляторы,Антропометрия,calculator,Международный (США - клиническая практика),yes,1.0.0,Альтернативные формулы идеальной массы тела.
icd-o,ICD-O-3.2 / TNM AJCC / WHO Classification of Tumours,16. Справочники и классификаторы,Онкология,calculator,Международный (WHO/IARC) · онкологические регистры,yes,1.0.0,Онкологические классификаторы и номенклатуры.
icd10-da,ICD-10-DA / SNODENT,16. Справочники и классификаторы,Стоматология,calculator,Международный (WHO) · стоматологические регистры и EHR,yes,1.0.0,Стандартизированные стоматологические классификаторы.
icd10-pcs,ICD-10-PCS / CPT / HCPCS / OPCS-4 / Номенклатура 804н,16. Справочники и классификаторы,Процедуры,calculator,США (CMS) · стационарное кодирование процедур,yes,1.0.0,Классификации и номенклатуры медицинских процедур.
icd10,ICD-10 / МКБ-10 (WHO),16. Справочники и классификаторы,Диагнозы,calculator,Международный (WHO) · официально в РФ до перехода на ICD-11,yes,1.0.0,Международная классификация болезней 10-го пересмотра.
icd10cm,ICD-10-CM,16. Справочники и классификаторы,Диагнозы,calculator,США (CDC/NCHS + CMS),yes,1.0.0,"Клиническая модификация МКБ-10, используемая в США."
icd11,ICD-11 (WHO),16. Справочники и классификаторы,Диагнозы,calculator,Международный (WHO) · в силе с 01.01.2022,yes,1.0.0,Международная классификация болезней 11-го пересмотра.
icf,ICF / ICF-CY (WHO),16. Справочники и классификаторы,Функционирование,calculator,"Международный (WHO) · реабилитация, МСЭ",yes,1.0.0,Международная классификация функционирования и ограничений.
ich,ICH Score / FUNC / MICH,5. Неврология и нейрохирургия,Инсульт,score,,yes,1.0.0,Прогноз при внутримозговом кровоизлиянии.
ichd3,ICHD-3,5. Неврология и нейрохирургия,Головная боль,score,,yes,1.0.0,Международная классификация головных болей.
iciq,ICIQ / MESA / BFLUTS / OABSS,12. Нефрология и урология,Урология,calculator,Международный (ICS),yes,1.0.0,Оценка недержания мочи и гиперактивного мочевого пузыря.
icpc,ICPC-2 / ICPC-3 (WONCA),16. Справочники и классификаторы,Диагнозы,calculator,"Международный (WONCA) · широко в Европе, Австралии, Азии",yes,1.0.0,Международная классификация в первичной медицинской помощи.
idf-ms,IDF Metabolic Syndrome,22. Прочие специальности,Эндокринология,calculator,Международный (IDF 2006 / JIS 2009),yes,1.0.0,Диагностические критерии метаболического синдрома.
iief,IIEF-5 (SHIM),12. Нефрология и урология,Урология,calculator,Международный,yes,1.0.0,Скрининг и оценка тяжести эректильной дисфункции.
ikdc,IKDC / Lysholm / Tegner / KOOS / WOMAC,7. Травматология и военная медицина,Суставы / Хрящ,calculator,Международный,yes,1.0.0,Оценка функции коленного сустава и исходов.
ilae,ILAE 2017 classification,5. Неврология и нейрохирургия,Эпилепсия,score,,yes,1.0.0,Классификация типов эпилептических припадков и эпилепсий.
ilcor,ILCOR CoSTR,17. Протоколы экстренной помощи,Реанимация,calculator,"Международный (AHA, ERC, ANZCOR, HSFC, RCSA, IAHF, InterAmerican HF)",yes,1.0.0,Международный научный консенсус по реанимации.
imci-africa,IMCI / IMPAC / IMAI / IMCA / ETAT (WHO),19. Региональные стандарты,Ближний Восток / Африка,calculator,"Африка (Sub-Saharan Africa, WHO AFRO); также используется в Юго-Восточной Азии и LAC под разными именами (AIEPI, IMNCI)",yes,1.0.0,Пакеты ВОЗ для стран с ограниченными ресурсами.
imci,IMCI (WHO),3. Педиатрические инструменты,Лихорадка,calculator,WHO / страны с ограниченными ресурсами,yes,1.0.0,Интегрированное ведение болезней детского возраста в странах с ограниченными ресурсами.
impact,IMPACT / CRASH,5. Неврология и нейрохирургия,ЧМТ,calculator,Международный (IMPACT + CRASH консорциумы),yes,1.0.0,Прогноз исходов при тяжёлой ЧМТ.
improve-bleed,IMPROVE bleeding,2. Диагностические шкалы,ВТЭ / Кровотечение,score,"Международный (ACCP 2012, ASH 2018)",yes,1.0.0,Оценка риска кровотечения у стационарных пациентов.
imss,IMSS Guías de Práctica Clínica,19. Региональные стандарты,Латинская Америка,calculator,Мексика,yes,1.0.0,Мексиканские клинические рекомендации.
inr-coag,INR / aPTT / TT / Anti-Xa / TEG / ROTEM,15. Лабораторная медицина,Коагуляция,calculator,Международный (ACCP · ISTH · EHRA),yes,1.0.0,Оценка системы свёртывания крови.
insall-salvati,Insall-Salvati / Caton-Deschamps,7. Травматология и военная медицина,Суставы / Хрящ,calculator,Международный,yes,1.0.0,Индексы положения надколенника на рентгене.
insulin-correction,Insulin correction factor (1700/1800) + I:C ratio,1. Клинические калькуляторы,Дозирование,calculator,США (ADA) · Международный (ISPAD),yes,1.0.0,Индивидуальные коэффициенты инсулина для коррекции гликемии и ХЕ.
intergrowth,Интергроуз-21 / Fenton chart,3. Педиатрические инструменты,Рост и развитие,calculator,Международный,yes,1.0.0,Кривые роста для недоношенных и после рождения.
iop,"IOP (Goldmann, iCare, Tonopen)",22. Прочие специальности,Офтальмология,calculator,Международный (AAO),yes,1.0.0,Измерение внутриглазного давления разными методами.
iota,IOTA Simple Rules / ADNEX / RMI / ROMA,8. Акушерство и гинекология,Гинекология,calculator,"Международный (IOTA, ESGO)",yes,1.0.0,Оценка злокачественности образований яичников.
ipss,IPSS (AUA Symptom Score),12. Нефрология и урология,Урология,score,,yes,1.0.0,Оценка тяжести симптомов нижних мочевыводящих путей при ДГПЖ.
iss-mm,ISS / R-ISS / R2-ISS / Durie-Salmon,10. Онкология,Стадирование,calculator,Международный (IMWG),yes,1.0.0,Стадирование множественной миеломы.
iss,Injury Severity Score (ISS),7. Травматология и военная медицина,Тяжесть травмы,calculator,Международный,yes,1.0.0,Общая оценка тяжести множественной травмы.
iv-dilution,IV concentration / dilution calculators,1. Клинические калькуляторы,Дозирование,calculator,Международный,yes,1.0.0,Разведение и подготовка растворов для внутривенного введения.
jcs,Japanese Circulation Society / JSH / JSGE / JGCA / JAAM DIC,19. Региональные стандарты,Япония,calculator,Япония,yes,1.0.0,Рекомендации японских медицинских обществ.
katz-adl,Katz ADL / Lawton IADL / FIM,2. Диагностические шкалы,Функциональный статус,score,Международный,yes,1.0.0,Оценка повседневной активности и независимости.
kdigo-ckd,KDIGO категории G1-G5 + A1-A3,12. Нефрология и урология,ХБП,calculator,Международный (KDIGO),yes,1.0.0,Классификация хронической болезни почек.
kdigo,RIFLE / AKIN / KDIGO 2012,12. Нефрология и урология,ОПП,calculator,Международный (KDIGO),yes,1.0.0,Диагностика и стадирование острого повреждения почек.
kellgren,Kellgren-Lawrence (0-4),7. Травматология и военная медицина,Суставы / Хрящ,score,Международный,yes,1.0.0,Рентгенологическая оценка тяжести остеоартроза.
ketle,Индекс Кетле / Эрисмана,19. Региональные стандарты,Россия,calculator,Республика Казахстан,yes,1.0.0,Российские антропометрические индексы.
kfre,Kidney Failure Risk Equation (Tangri),12. Нефрология и урология,ХБП,calculator,Международный,yes,1.0.0,Оценка риска развития терминальной ХБП за 2-5 лет.
khorana-onco,Khorana / ONKOTEV,10. Онкология,Профилактика,calculator,"Международный (ASCO 2020, ESMO 2022, NCCN, ITAC 2022)",yes,1.0.0,Оценка риска ВТЭ у онкологических пациентов.
khorana,Khorana,2. Диагностические шкалы,ВТЭ / Кровотечение,score,"Международный (ASCO 2020, ESMO 2022, NCCN)",yes,1.0.0,Оценка риска ВТЭ у онкологических пациентов на химиотерапии.
kigali,Kigali modification,6. Анестезиология и ICU,ARDS,calculator,Низкоресурсные страны (валидировано в Руанде),yes,1.0.0,Адаптация критериев ОРДС для стран с ограниченными ресурсами.
killip,Killip class (I-IV),4. Кардиология и сосуды,ОКС / ИМ,score,,yes,1.0.0,Классификация острой сердечной недостаточности при ИМ.
kocher,Kocher criteria,3. Педиатрические инструменты,Экстренная педиатрия,score,,yes,1.0.0,Дифференциация септического артрита и транзиторного синовиита у детей.
kps,Karnofsky Performance Status (0-100),2. Диагностические шкалы,Функциональный статус,score,Международный,yes,1.0.0,Функциональный статус в онкологии.
kramer,Kramer scale / Bhutani nomogram,3. Педиатрические инструменты,Новорождённые,score,Международный,yes,1.0.0,Оценка желтухи и показаний к фототерапии у новорождённого.
ktas,KIMS / KAMJE / KoreaMed / Korean Guidelines / KTAS,19. Региональные стандарты,Корея,calculator,"Южная Корея (национальный стандарт triage ED с 2016); также внедряется в Монголии, Вьетнаме, ряде стран Ближнего Востока",yes,1.0.0,Корейские клинические рекомендации и триаж.
kts,Kampala Trauma Score,7. Травматология и военная медицина,Тяжесть травмы,score,"LMIC (Уганда, Кения, LMIC-адаптация)",yes,1.0.0,Оценка травмы для стран с ограниченными ресурсами.
ktv,Kt/V / URR,12. Нефрология и урология,Диализ,calculator,Международный (KDIGO/ISPD),yes,1.0.0,Оценка адекватности процедуры гемодиализа.
la-grade,LA grade A-D / Savary-Miller,22. Прочие специальности,Гастроэнтерология,calculator,Международный (ASGE / ESGE),yes,1.0.0,Эндоскопическая классификация рефлюкс-эзофагита.
lbw,Lean Body Weight (Janmahasatian),1. Клинические калькуляторы,Антропометрия,calculator,Международный,yes,1.0.0,Тощая масса тела - современная формула для анестезиологии.
lefort,Lefort I/II/III,21. Стоматология,Хирургия полости рта,calculator,Международный (Le Fort 1901),yes,1.0.0,Классификация переломов средней зоны лица.
lexicomp,Lexicomp / Micromedex / UpToDate / Epocrates,14. Фармакология и лекарства,Справочники,calculator,США / Международный,yes,1.0.0,Американские лекарственные справочники и базы взаимодействий.
lille,Lille model,7. Травматология и военная медицина,Неотложная хирургия,calculator,,yes,1.0.0,Оценка ответа на ГКС через 7 дней при алкогольном гепатите.
lirads,LI-RADS,10. Онкология,Специфические,calculator,Международный (ACR / AASLD),yes,1.0.0,Стандартизированная оценка очаговых образований печени.
loinc,LOINC,16. Справочники и классификаторы,Терминологии,calculator,"Международный (Regenstrief Institute, США) · 180+ стран",yes,1.0.0,Стандартная терминология лабораторных и клинических наблюдений.
lqts,"Синдромы удлинённого QT (Romano-Ward, Jervell-Lange-Nielsen)",4. Кардиология и сосуды,ЭКГ / Ритм,score,Международный (HRS · ESC · AHA),yes,1.0.0,Диагностика наследственных каналопатий.
lund-mackay,Lund-Mackay CT,22. Прочие специальности,ЛОР,calculator,Международный (EPOS / ERS),yes,1.0.0,Рентгенологическая оценка тяжести хронического синусита.
lund-malmo,Revised Lund-Malmö / BIS1 / BIS2,1. Клинические калькуляторы,Функция почек,calculator,"Европа (Швеция, Скандинавия) · Международный",yes,1.0.0,"Европейские формулы СКФ, точнее у пожилых."
lund-rosner,Lund / Rosner concepts,6. Анестезиология и ICU,Нейроинтенсив,calculator,Международный,yes,1.0.0,Стратегии коррекции внутричерепной гипертензии.
lungrads,Lung-RADS,10. Онкология,Специфические,calculator,"Международный (ACR, USPSTF)",yes,1.0.0,Стандартизированная оценка узлов в лёгких при скрининге.
mace2,MACE 2,5. Неврология и нейрохирургия,ЧМТ,score,,yes,1.0.0,Военная оценка сотрясения мозга на поле боя.
maddrey-lab,Maddrey DF / Lille / Glasgow AH,15. Лабораторная медицина,Печень,calculator,Международный (AASLD/EASL),yes,1.0.0,Оценка тяжести алкогольного гепатита и ответа на ГКС.
maddrey,Maddrey DF / ABIC / GAHS,7. Травматология и военная медицина,Неотложная хирургия,calculator,,yes,1.0.0,Оценка тяжести алкогольного гепатита.
maggic,MAGGIC / Seattle HF / OPTIMIZE-HF / GWTG-HF,4. Кардиология и сосуды,Сердечная недостаточность,calculator,Международный,yes,1.0.0,Оценка прогноза и выживаемости при ХСН.
mai,Medication Appropriateness Index (MAI),22. Прочие специальности,Фармация,calculator,Международный (US / EU),yes,1.0.0,Оценка рациональности назначения лекарственных средств.
mallampati,Mallampati / Cormack-Lehane / LEMON / MACOCHA,6. Анестезиология и ICU,Предоперационная,calculator,Международный,yes,1.0.0,Прогноз трудной интубации.
march-paws,MARCH-PAWS,7. Травматология и военная медицина,Военная медицина,calculator,Стандарт TCCC / NATO / US DoD,yes,1.0.0,Мнемоника алгоритма оказания тактической помощи при травме.
marshall-ct,Marshall CT / Rotterdam / Stockholm / Helsinki,5. Неврология и нейрохирургия,ЧМТ,score,Международный,yes,1.0.0,КТ-классификация тяжести ЧМТ.
martin-hopkins,Martin-Hopkins / Sampson,15. Лабораторная медицина,Липиды,calculator,Международный (AACC · ESC),yes,1.0.0,Точные формулы расчёта ЛПНП при высоких триглицеридах.
martindale,Martindale / Medscape / Davis's Drug Guide,14. Фармакология и лекарства,Справочники,calculator,Международный (40+ стран),yes,1.0.0,Общие лекарственные справочники.
mascc,MASCC / CINV / Hesketh,10. Онкология,Профилактика,calculator,"Международный (MASCC, IDSA 2010, ESMO 2016, NCCN)",yes,1.0.0,Оценка риска тошноты и рвоты при химиотерапии.
masi,MASI / VASI,22. Прочие специальности,Дерматология,calculator,Международный (AAD),yes,1.0.0,Оценка тяжести мелазмы и витилиго.
mason-mayo,Mason / Mayo,7. Травматология и военная медицина,Ортопедия,score,Международный,yes,1.0.0,Классификация переломов головки лучевой кости и локтевого отростка.
mathews,Mathews / Mackaness (angioedema),22. Прочие специальности,Аллергология,calculator,Международный (AAO-HNS 2019),yes,1.0.0,Классификация и диагностика ангионевротического отёка.
mayo-arup,Mayo Clinic / ARUP / Quest / LabCorp,15. Лабораторная медицина,Референсы,calculator,"США (Mayo Clinic, ARUP)",yes,1.0.0,Американские лабораторные справочники и референсы.
mayo-uc,Mayo / Truelove-Witts,7. Травматология и военная медицина,Неотложная хирургия,calculator,"Международный (ACG 2019, ECCO 2022)",yes,1.0.0,Оценка тяжести язвенного колита.
mccabe,McCabe-Jackson,11. Инфекционные болезни,Контроль инфекций,calculator,"Международный (США, эпидемиология)",yes,1.0.0,Оценка прогноза основного заболевания у пациентов с инфекциями.
mcdonald,McDonald criteria 2017,5. Неврология и нейрохирургия,Рассеянный склероз,calculator,,yes,1.0.0,Диагностические критерии рассеянного склероза.
mcgill,McGill Pain Questionnaire,2. Диагностические шкалы,Боль,score,Международный (IMMPACT),yes,1.0.0,Качественная характеристика болевого синдрома.
mchat-autism,M-CHAT-R/F / ADOS-2 / ADI-R / CARS-2 / AQ / SRS-2,9. Психиатрия и психология,Аутизм,calculator,Международный (AAP),yes,1.0.0,Скрининг и диагностика расстройств аутистического спектра.
mchat,M-CHAT-R/F,3. Педиатрические инструменты,Психомоторное развитие,score,Международный,yes,1.0.0,Скрининг расстройств аутистического спектра у детей 16-30 месяцев.
mchs-russia,МЧС РФ (I-IV цветовая),7. Травматология и военная медицина,Триаж MASCAL,calculator,Российская Федерация,yes,1.0.0,Российский цветовой триаж при чрезвычайных ситуациях.
mdcalc,MDCalc,18. Учебные инструменты,Калькуляторы,calculator,"США / Международный (MD Aware LLC, сейчас часть Google Health)",yes,1.0.0,Крупнейший агрегатор клинических калькуляторов и шкал.
mdrd,MDRD (4-var),1. Клинические калькуляторы,Функция почек,calculator,,yes,1.0.0,"Оценка СКФ (историческая, заменена на CKD-EPI)."
medwatch,FDA MedWatch / EudraVigilance / Yellow Card / Росздравнадзор,22. Прочие специальности,Фармация,calculator,США (FDA),yes,1.0.0,Системы фармаконадзора и отчётности о побочных реакциях.
mehta,Mehta / Cleveland Clinic,6. Анестезиология и ICU,AKI,score,,yes,1.0.0,Оценка риска ОПП после кардиохирургии.
meld,MELD / MELD-Na / MELD 3.0 / PELD / UKELD,15. Лабораторная медицина,Печень,calculator,США (UNOS) · Международный,yes,1.0.0,Оценка тяжести заболеваний печени и приоритета трансплантации.
meniere,Ménière AAO-HNS staging,22. Прочие специальности,ЛОР,calculator,Международный (Barany Society / AAO-HNS),yes,1.0.0,Стадирование и оценка тяжести болезни Меньера.
meows,MEOWS,2. Диагностические шкалы,Раннее распознавание,score,Великобритания/Европа,yes,1.0.0,Раннее распознавание ухудшения в акушерстве.
merck-vet,Merck Veterinary Manual / AAHA / AAFP / WSAVA,20. Ветеринарная медицина,Справочники,calculator,США / международный (MSD),yes,1.0.0,Крупнейшие ветеринарные клинические справочники.
mews,MEWS,2. Диагностические шкалы,Раннее распознавание,score,Великобритания/Европа,yes,1.0.0,Базовая шкала раннего предупреждения (предшественник NEWS).
mg-kg,mg/kg dosing,1. Клинические калькуляторы,Дозирование,calculator,Международный,yes,1.0.0,Расчёт дозы препарата по массе тела (педиатрия и интенсивная терапия).
mgfa,MGFA (I-V) / MG-ADL / QMG / MG-QOL15,5. Неврология и нейрохирургия,Миастения / ALS / GBS,score,Международный (MGFA),yes,1.0.0,Классификация и оценка тяжести миастении.
midas,MIDAS / HIT-6 / MSQ,5. Неврология и нейрохирургия,Головная боль,calculator,Международный,yes,1.0.0,Оценка влияния мигрени на качество жизни.
mims,MIMS,14. Фармакология и лекарства,Справочники,calculator,"Великобритания · Азия (Сингапур, Малайзия, Гонконг, Филиппины, Индия) · Австралия",yes,1.0.0,Лекарственный справочник Австралии и стран Азии.
mini-cog,Mini-Cog / GPCOG / AD8 / IQCODE,5. Неврология и нейрохирургия,Деменция,score,,yes,1.0.0,Короткий скрининг когнитивных нарушений.
mmpi,MMPI / PAI / MCMI / SCID-5-PD / PID-5 / Rorschach / TAT / 16PF / NEO-PI-R,9. Психиатрия и психология,Личность,calculator,США / Международный,yes,1.0.0,Оценка личности и личностных расстройств.
mmrc,mMRC / CAT,13. Пульмонология,ХОБЛ,score,,yes,1.0.0,Оценка выраженности симптомов при ХОБЛ.
mmse,"MMSE (Folstein, 0-30)",5. Неврология и нейрохирургия,Деменция,score,,yes,1.0.0,Скрининг когнитивных нарушений и деменции.
mna,MNA / MNA-SF,2. Диагностические шкалы,Питание,score,Международный · Гериатрия,yes,1.0.0,Оценка нутритивного статуса у пожилых.
moca,MoCA (0-30),5. Неврология и нейрохирургия,Деменция,score,,yes,1.0.0,Скрининг лёгких когнитивных нарушений.
modified-brooke,Modified Brooke / Galveston (Shriners) / ABLS,1. Клинические калькуляторы,Дозирование,calculator,США (ABA / ABLS) · Международный,yes,1.0.0,Альтернативные схемы инфузии при ожогах у взрослых и детей.
mods-lods,SOFA / MODS / LODS / TISS-28 / NEMS,6. Анестезиология и ICU,Тяжесть в ICU,calculator,Международный,yes,1.0.0,Оценка полиорганной дисфункции в ICU.
morse,Morse Fall Scale / Hendrich II / STRATIFY,2. Диагностические шкалы,Функциональный статус,score,Международный,yes,1.0.0,Оценка риска падений у стационарных пациентов.
mpi,Mannheim Peritonitis Index,7. Травматология и военная медицина,Неотложная хирургия,score,"Международный (Германия, Европа, РФ)",yes,1.0.0,Прогноз смертности при перитоните.
mpm,MPM II-0 / 24,6. Анестезиология и ICU,Тяжесть в ICU,calculator,Международный,yes,1.0.0,Модель предсказания смертности в ICU.
mrs-stroke,mRS (0-6),5. Неврология и нейрохирургия,Инсульт,calculator,,yes,1.0.0,Оценка функциональных исходов после инсульта.
mrs,Modified Rankin Scale (0-6),2. Диагностические шкалы,Функциональный статус,calculator,,yes,1.0.0,Оценка инвалидизации после инсульта.
msfc,MSFC / MSSS / ARMSS,5. Неврология и нейрохирургия,Рассеянный склероз,calculator,Международный,yes,1.0.0,Функциональные индексы при рассеянном склерозе.
mtp,Массивная трансфузия 1:1:1 (PROPPR) / TIC,6. Анестезиология и ICU,Трансфузия,calculator,Международный,yes,1.0.0,Протоколы массивной трансфузии при кровопотере.
mts,Manchester Triage System (MTS),2. Диагностические шкалы,Триаж,score,Великобритания/Европа,yes,1.0.0,Сортировка пациентов по приоритету - стандарт UK и Европы.
murray-ecmo,Murray score,6. Анестезиология и ICU,ECMO,calculator,Международный (ELSO),yes,1.0.0,Показания к началу ECMO при тяжёлом ОРДС.
murray,Murray Lung Injury Score,6. Анестезиология и ICU,ARDS,calculator,Международный,yes,1.0.0,Оценка тяжести острого повреждения лёгких.
must,MUST,2. Диагностические шкалы,Питание,score,Великобритания · ЕС · Международный,yes,1.0.0,Скрининг недоедания у взрослых (стандарт UK).
mz-ru,Клинические рекомендации Минздрава РФ,19. Региональные стандарты,Россия,calculator,Российская Федерация,yes,1.0.0,Обязательные клинические рекомендации в России с 2025 года.
mz-standards,Стандарты и порядки оказания медпомощи,19. Региональные стандарты,Россия,calculator,Российская Федерация,yes,1.0.0,Федеральные стандарты оказания медицинской помощи в России.
na-corrected,Corrected Na⁺ для гипергликемии,1. Клинические калькуляторы,Электролиты / КЩС,calculator,,yes,1.0.0,Истинный натрий при выраженной гипергликемии.
naegele,Naegele's rule,8. Акушерство и гинекология,Беременность,calculator,,yes,1.0.0,Расчёт предполагаемой даты родов.
nafld-fs,NAFLD FS / BARD / HAIR / NAFL-PT,15. Лабораторная медицина,Печень,calculator,Международный (AASLD / EASL),yes,1.0.0,Оценка фиброза при неалкогольной жировой болезни печени.
nanda,NANDA-I / NIC / NOC / ICNP / Omaha System,16. Справочники и классификаторы,Сестринство,calculator,"Международный (NANDA International) · США, Европа, Япония, Бразилия",yes,1.0.0,Классификации сестринских диагнозов и вмешательств.
naranjo,Naranjo / WHO-UMC causality,22. Прочие специальности,Фармация,calculator,Международный (WHO / FDA),yes,1.0.0,Оценка причинно-следственной связи побочной реакции на лекарство.
neer,Neer / Codman,7. Травматология и военная медицина,Ортопедия,score,Международный,yes,1.0.0,Классификация переломов проксимального отдела плечевой кости.
netter,Netter / Gray's / Sobotta / Prometheus,18. Учебные инструменты,Визуализация / Анатомия,calculator,США / Международный (Elsevier),yes,1.0.0,Классические атласы анатомии.
news2,NEWS2,2. Диагностические шкалы,Раннее распознавание,score,"Великобритания (NHS, RCP) · EU",yes,1.0.0,Раннее распознавание клинического ухудшения - стандарт NHS.
nhg,NHG-standards / NVVC / Farmacotherapeutisch Kompas,19. Региональные стандарты,Европа,calculator,Нидерланды (также используется во Фландрии),yes,1.0.0,Нидерландские клинические стандарты.
niaid,NIAID food allergy criteria,22. Прочие специальности,Аллергология,calculator,Международный (NIAID 2006 / WAO 2020),yes,1.0.0,Критерии диагностики пищевой аллергии.
nice-cks,NICE CKS / NHS Clinical Guidance,18. Учебные инструменты,Базы знаний,calculator,"Великобритания (NHS England, NICE)",yes,1.0.0,Британские клинические резюме и рекомендации NHS.
nice-uk,NICE / SIGN / BNF / BNFc,19. Региональные стандарты,Европа,calculator,"Великобритания (England, Wales; Scotland — частично, есть отдельный SIGN)",yes,1.0.0,Британские клинические рекомендации и формуляры.
nigrovic,Bacterial Meningitis Score (Nigrovic),11. Инфекционные болезни,Менингит,calculator,Международный (США / IDSA),yes,1.0.0,Дифференциация бактериального и вирусного менингита у детей.
nihss,NIHSS (0-42),5. Неврология и нейрохирургия,Инсульт,score,,yes,1.0.0,Оценка тяжести неврологического дефицита при инсульте.
nips,NIPS / CRIES / N-PASS / PIPP-R,2. Диагностические шкалы,Боль,score,Международный,yes,1.0.0,Оценка боли у новорождённых.
niss,New ISS / AIS 2015 / ICISS / TMPM,7. Травматология и военная медицина,Тяжесть травмы,calculator,Международный,yes,1.0.0,Альтернативные шкалы тяжести травмы.
nmibc,"EAU NMIBC risk (EORTC, CUETO)",12. Нефрология и урология,Урология,calculator,Международный (EAU),yes,1.0.0,Оценка риска рецидива и прогрессии немышечно-инвазивного рака мочевого пузыря.
nolla,Nolla / Demirjian,21. Стоматология,Детская стоматология,calculator,Международный,yes,1.0.0,Оценка стадий развития зубов у детей.
non-hdl,Non-HDL / ApoB / Lp(a),15. Лабораторная медицина,Липиды,calculator,Международный (ESC/EAS · AHA/ACC),yes,1.0.0,Современные маркеры атерогенности.
nordic,Felleskatalogen / FASS / Pro.medicin.dk,19. Региональные стандарты,Европа,calculator,Скандинавия: Дания / Норвегия / Швеция / Финляндия / Исландия,yes,1.0.0,Скандинавские лекарственные и клинические справочники.
nottingham,Nottingham / HER2 ASCO/CAP / Ki-67 / IHC4,10. Онкология,Специфические,calculator,Международный (WHO / CAP),yes,1.0.0,Гистологические показатели рака молочной железы.
npi-breast,Nottingham Prognostic Index (NPI),10. Онкология,Специфические,calculator,Международный (UK / ESMO),yes,1.0.0,Прогностический индекс при раке молочной железы.
npi,NPI,5. Неврология и нейрохирургия,Деменция,calculator,,yes,1.0.0,Оценка нейропсихиатрических симптомов при деменции.
npsi,DN4 / LANSS / painDETECT / NPSI,5. Неврология и нейрохирургия,Нейропатическая боль,calculator,Международный,yes,1.0.0,Скрининг и характеристика нейропатической боли.
nrp,NRP (AAP),17. Протоколы экстренной помощи,Реанимация,calculator,"AAP (США), международно адаптируется",yes,1.0.0,Американский алгоритм реанимации новорождённых.
nrs2002,NRS-2002,2. Диагностические шкалы,Питание,score,Европа (ESPEN) · Международный,yes,1.0.0,Скрининг нутритивного риска в стационаре (ESPEN).
nsqip,ACS NSQIP Risk Calculator,2. Диагностические шкалы,Периоперационная,score,,yes,1.0.0,Расчёт риска хирургических осложнений (стандарт США).
nt-probnp,NT-proBNP / BNP cutoffs,15. Лабораторная медицина,Сердечные маркеры,calculator,,yes,1.0.0,Возраст-скорректированные пороги для диагностики острой ХСН.
nutric,NUTRIC,2. Диагностические шкалы,Питание,score,Международный · ОРИТ (ASPEN/SCCM),yes,1.0.0,Оценка нутритивного риска в ICU.
nyha,NYHA I-IV,4. Кардиология и сосуды,Сердечная недостаточность,score,,yes,1.0.0,Функциональный класс хронической сердечной недостаточности.
oakland,Oakland score,22. Прочие специальности,Гастроэнтерология,calculator,Международный (BSG / ACG),yes,1.0.0,Оценка риска при нижнем ЖКТ-кровотечении.
oct-normative,RNFL / Macular OCT normative,22. Прочие специальности,Офтальмология,calculator,Международный (AAO),yes,1.0.0,Нормативные базы для анализа оптической когерентной томографии.
odi,ODI (Oswestry) / RMDQ / NDI,22. Прочие специальности,Реабилитация,calculator,Международный,yes,1.0.0,Оценка ограничений при болях в спине и шее.
ofa,OFA / PennHIP / FCI hip scores,20. Ветеринарная медицина,Ортопедия,calculator,США (OFA),yes,1.0.0,Оценка дисплазии тазобедренного сустава у собак.
ohca,OHCA / GO-FAR / CAHP / TTM / NULL-PLEASE,6. Анестезиология и ICU,Остановка сердца,calculator,Международный,yes,1.0.0,Прогноз выживаемости после остановки сердца.
oncotype,Oncotype DX / MammaPrint / BCI,10. Онкология,Специфические,calculator,Международный (ASCO / NCCN / ESMO),yes,1.0.0,Молекулярные тесты рецидива при раке молочной железы.
orads,O-RADS,10. Онкология,Специфические,calculator,Международный (ACR),yes,1.0.0,Стандартизированная оценка образований яичников.
osce,OSCE / Mini-CEX / DOPS / CBD / Milestones / EPAs,18. Учебные инструменты,Оценка компетенций,calculator,Международный (изначально UK/Canada; широко принят в мед образовании),yes,1.0.0,Инструменты оценки клинических компетенций.
osm-gap,Osmolar gap,1. Клинические калькуляторы,Электролиты / КЩС,calculator,Международный,yes,1.0.0,"Выявление токсических спиртов (метанол, этиленгликоль)."
osmosis,Osmosis / AMBOSS / UWorld / Kaplan / Lecturio / Sketchy,18. Учебные инструменты,Образование,calculator,США / Международный (Osmosis by Elsevier),yes,1.0.0,Учебные платформы для студентов и ординаторов.
ots,Ocular Trauma Score (Kuhn),22. Прочие специальности,Офтальмология,calculator,Международный (BETT / AAO),yes,1.0.0,Прогноз остроты зрения после травмы глаза.
ottawa-ankle,Ottawa Ankle/Foot Rules,7. Травматология и военная медицина,Ортопедия,score,,yes,1.0.0,Показания к рентгенографии при травме голеностопа и стопы.
outerbridge,Outerbridge / ICRS,7. Травматология и военная медицина,Суставы / Хрящ,score,Международный,yes,1.0.0,Классификация повреждений суставного хряща.
padua,Padua (IMPROVE),2. Диагностические шкалы,ВТЭ / Кровотечение,score,"Международный (ACCP 2012, ASH 2018)",yes,1.0.0,Оценка риска ВТЭ у терапевтических стационарных пациентов.
paho,WHO/PAHO IMCI / AIEPI / Manchester SUS,19. Региональные стандарты,Латинская Америка,calculator,Латинская Америка и Карибский бассейн (PAHO / WHO AMRO — 35 стран-членов),yes,1.0.0,Панамериканские и ВОЗ-адаптированные протоколы.
pai,PAI (Periapical Index),21. Стоматология,Эндодонтия,calculator,Международный (Orstavik 1986),yes,1.0.0,Рентгенологическая оценка периапикальных изменений.
painad,PAINAD,2. Диагностические шкалы,Боль,score,Международный,yes,1.0.0,Оценка боли у пациентов с деменцией.
palm-coein,RCOG HMB / PALM-COEIN (FIGO),8. Акушерство и гинекология,Гинекология,calculator,"Международный (FIGO, RCOG, NICE)",yes,1.0.0,Классификация аномальных маточных кровотечений.
pals,PALS algorithms,3. Педиатрические инструменты,Экстренная педиатрия,calculator,Международный (AHA),yes,1.0.0,Алгоритмы расширенной педиатрической реанимации AHA.
panss,PANSS / BPRS / SAPS / SANS / CGI / GAF,9. Психиатрия и психология,Психоз,calculator,Международный,yes,1.0.0,Оценка тяжести симптомов психоза и общего функционирования.
parkland-brooke,Parkland / Modified Brooke / Galveston,6. Анестезиология и ICU,Ожоги,calculator,"Международный (ABA, ATLS, ABLS)",yes,1.0.0,Расчёт инфузионной терапии при ожогах.
parkland,Parkland formula,1. Клинические калькуляторы,Дозирование,calculator,"Международный (ATLS, ABA)",yes,1.0.0,Расчёт инфузионной терапии при ожогах в первые 24 часа.
pas,MBSImP / FEES / Rosenbek PAS,22. Прочие специальности,Аудиология / Речь,score,,yes,1.0.0,Оценка функции глотания.
pasi,PASI / BSA / PGA / DLQI / CDLQI,22. Прочие специальности,Дерматология,calculator,,yes,1.0.0,Оценка тяжести псориаза и качества жизни.
pat,Pediatric Assessment Triangle (PAT),3. Педиатрические инструменты,Экстренная педиатрия,calculator,Международный (AAP/AHA PALS),yes,1.0.0,Быстрая визуальная оценка тяжести состояния ребёнка.
pcdt-br,Ministerio da Saúde Brazil PCDT / AMB / SBC / SBP,19. Региональные стандарты,Латинская Америка,calculator,Бразилия,yes,1.0.0,Бразильские клинические протоколы.
pcl5,PCL-5 / CAPS-5 / PC-PTSD-5 / IES-R / DTS / ACE,9. Психиатрия и психология,ПТСР,calculator,Международный (US VA),yes,1.0.0,Скрининг и диагностика ПТСР и травматических переживаний.
pcne,PCNE classification,22. Прочие специальности,Фармация,calculator,Европа (PCNE),yes,1.0.0,"Классификация проблем, связанных с лекарственной терапией."
pdq39,PDQ-39,5. Неврология и нейрохирургия,Паркинсон,calculator,,yes,1.0.0,Оценка качества жизни при болезни Паркинсона.
pears,PEARS,17. Протоколы экстренной помощи,Реанимация,calculator,"AHA (США, международно)",yes,1.0.0,Упрощённый курс распознавания педиатрических неотложных состояний.
pecarn-chalice,PECARN / CHALICE / CATCH,5. Неврология и нейрохирургия,ЧМТ,calculator,США (PECARN) · Великобритания (CHALICE) · Канада (CATCH),yes,1.0.0,Показания к КТ головы у детей при травме.
pecarn-cspine,PECARN C-spine / PECARN abdominal,3. Педиатрические инструменты,Экстренная педиатрия,score,Международный (PECARN),yes,1.0.0,Правила визуализации при травме у детей.
pecarn-head,PECARN head injury algorithm (<2 и ≥2 лет),3. Педиатрические инструменты,Экстренная педиатрия,calculator,Международный (PECARN),yes,1.0.0,Показания к КТ головы у детей с ЧМТ.
pell-gregory,Pell-Gregory / Winter,21. Стоматология,Хирургия полости рта,calculator,"Международный (Pell GJ, Gregory GT, 1933/1942)",yes,1.0.0,Классификация ретенции нижних моляров.
perc,PERC rule,2. Диагностические шкалы,ВТЭ / Кровотечение,score,,yes,1.0.0,Исключение ТЭЛА у пациентов с низкой вероятностью без D-димера.
percist,PERCIST,10. Онкология,Ответ на лечение,calculator,Международный (SNM / EANM),yes,1.0.0,Оценка метаболического ответа по ПЭТ.
pesi,PESI / sPESI,2. Диагностические шкалы,ВТЭ / Кровотечение,score,"Международный (ESC 2019, AHA 2011)",yes,1.0.0,Оценка 30-дневной смертности при подтверждённой ТЭЛА.
pews,PEWS / Bedside PEWS / RCPCH PEWS,2. Диагностические шкалы,Раннее распознавание,score,Международный,yes,1.0.0,Шкалы раннего распознавания ухудшения у детей.
pf-ratio,PaO₂/FiO₂ ratio,1. Клинические калькуляторы,Электролиты / КЩС,calculator,,yes,1.0.0,Индекс оксигенации и градация ARDS (Berlin).
pgcs,Pediatric GCS (pGCS) / AVPU,3. Педиатрические инструменты,Экстренная педиатрия,score,Международный,yes,1.0.0,Оценка уровня сознания у детей.
phq9,PHQ-9 / PHQ-2,9. Психиатрия и психология,Депрессия,score,,yes,1.0.0,Скрининг и мониторинг тяжести депрессии.
phtls-nm,PHTLS / ITLS (NAEMT),17. Протоколы экстренной помощи,Догоспитальная травма,calculator,"NAEMT (США), международно - 80+ стран",yes,1.0.0,Догоспитальные протоколы ведения травмы.
phtls,PHTLS / ITLS (NAEMT),7. Травматология и военная медицина,Военная медицина,calculator,"США, международный (NAEMT, ITLS International)",yes,1.0.0,Стандарты догоспитальной помощи при травме.
pierce,fullPIERS / miniPIERS,8. Акушерство и гинекология,Преэклампсия,calculator,Международный,yes,1.0.0,Прогноз неблагоприятных исходов при преэклампсии.
pipkin,Pipkin,7. Травматология и военная медицина,Ортопедия,score,Международный,yes,1.0.0,Классификация переломов головки бедренной кости.
pirads,PI-RADS v2.1,10. Онкология,Специфические,calculator,Международный (ACR / ESUR / AUA),yes,1.0.0,Стандартизированная оценка МРТ простаты.
plasma-osm,Plasma osmolality,1. Клинические калькуляторы,Электролиты / КЩС,calculator,,yes,1.0.0,Расчёт осмолярности плазмы для оценки водно-электролитных нарушений.
plasmic,PLASMIC / French score,15. Лабораторная медицина,Гематология,calculator,Международный (ISTH 2020),yes,1.0.0,Оценка вероятности тромботической тромбоцитопенической пурпуры.
pllr,FDA PLLR / ADEC / Hale's Lactation / LactMed,14. Фармакология и лекарства,Беременность / Лактация,calculator,США (FDA),yes,1.0.0,Справочники безопасности препаратов при беременности и лактации.
plr,Passive leg raise / PLR + CO,6. Анестезиология и ICU,Водно-электролитный,calculator,Международный,yes,1.0.0,Оценка волемической преднагрузки и ответа на инфузию.
plumbs,Plumb's Veterinary Drug Handbook / BSAVA Formulary / CVP,20. Ветеринарная медицина,Формулы,calculator,США · международный,yes,1.0.0,Ветеринарные фармакологические справочники.
poisindex,POISINDEX / TOXBASE / IPCS INTOX / Toxbase РФ,17. Протоколы экстренной помощи,CBRN / Токсикология,calculator,"США (Micromedex), международная референсная БД",yes,1.0.0,Токсикологические базы данных.
popq,POP-Q,8. Акушерство и гинекология,Гинекология,score,"Международный (ICS, IUGA)",yes,1.0.0,Классификация пролапса тазовых органов.
posas,POSAS / Vancouver / Manchester,22. Прочие специальности,Дерматология,calculator,Международный (ISBI / EBA),yes,1.0.0,Оценка рубцов после заживления.
possum,POSSUM / P-POSSUM / CR-POSSUM,2. Диагностические шкалы,Периоперационная,score,,yes,1.0.0,Оценка риска смертности и осложнений после хирургии.
pps,PPS / PPI / ESAS / FACIT-F / EORTC QLQ-C30 / PaP,10. Онкология,Паллиатив,calculator,"Международный (IAHPC, WHO, Medicare hospice)",yes,1.0.0,Оценка статуса и качества жизни в паллиативе.
pram,PRAM / PASS / PRESS / Wood-Downes,3. Педиатрические инструменты,Респираторные,score,Международный,yes,1.0.0,Оценка тяжести обострения астмы и бронхиолита у детей.
prescrire,Prescrire / HAS,18. Учебные инструменты,Базы знаний,calculator,Франция (Association Mieux Prescrire) · независимый бюллетень,yes,1.0.0,Французские независимые источники доказательной медицины.
preserve,PRESERVE / ECMOnet / ENCOURAGE,6. Анестезиология и ICU,ECMO,score,,yes,1.0.0,Альтернативные шкалы прогноза при ECMO.
prevent,PREVENT (AHA 2023),4. Кардиология и сосуды,ССС-риск,calculator,США (AHA 2023),yes,1.0.0,Современная шкала риска ССЗ с учётом функции почек и метаболических факторов.
psa,PSA velocity / density / free PSA ratio,12. Нефрология и урология,Урология,calculator,Международный (AUA/EAU),yes,1.0.0,Интерпретация динамики ПСА для выявления рака простаты.
psqi,PSQI / ISI / SATED,5. Неврология и нейрохирургия,Сон,calculator,Международный,yes,1.0.0,Оценка качества сна и инсомнии.
pta,Pure Tone Average / Fletcher / ASHA / BSA grading,22. Прочие специальности,ЛОР,calculator,Международный (WHO / ISO 7029),yes,1.0.0,Классификация степени тугоухости по аудиометрии.
pts,Pediatric Trauma Score (PTS) / TRISS pediatric,3. Педиатрические инструменты,Шок / Травма,score,Международный (США ACS),yes,1.0.0,Оценка тяжести и прогноза травмы у детей.
pubmed,PubMed / MEDLINE / Embase / Scopus / Web of Science,18. Учебные инструменты,Базы знаний,calculator,США (NLM/NIH) · Международный бесплатный доступ,yes,1.0.0,Основные поисковые системы научной медицинской литературы.
purina-fediaf,Purina Life Plan / FEDIAF / AAFCO,20. Ветеринарная медицина,Общее,calculator,ЕС (FEDIAF · Purina),yes,1.0.0,Стандарты нутритивной поддержки домашних животных.
pvr,EAU post-void residual / Prostate Volume,12. Нефрология и урология,Урология,calculator,Международный (AUA/EAU),yes,1.0.0,Оценка остаточной мочи и объёма простаты.
qrisk3,QRISK3,4. Кардиология и сосуды,ССС-риск,calculator,Великобритания (NICE CG181),yes,1.0.0,"Британская шкала риска ССЗ с учётом СКВ, мигрени, ВИЧ и др."
qsofa,qSOFA,2. Диагностические шкалы,Раннее распознавание,score,"Международный (SSC, Sepsis-3)",yes,1.0.0,Прикроватный скрининг сепсиса вне ICU.
qtc,QTc: Bazett / Fridericia / Framingham / Hodges,4. Кардиология и сосуды,ЭКГ / Ритм,calculator,,yes,1.0.0,Коррекция интервала QT на частоту сердечных сокращений.
qxmd,QxMD Calculate / Medscape Calculators / MedCalX / PediStat,18. Учебные инструменты,Калькуляторы,calculator,Канада / Международный (QxMD by Elsevier),yes,1.0.0,Мобильные приложения с клиническими калькуляторами.
ralph,"X-ray (Ralph, Timika) / Simplified TB / Wejse / Bandim",13. Пульмонология,ТБ,calculator,Международный (ATS/ESICM),yes,1.0.0,Рентгенологическая и клиническая оценка туберкулёза.
rancho,Rancho Los Amigos (I-X),5. Неврология и нейрохирургия,ЧМТ,score,США · Международный (нейрореабилитация),yes,1.0.0,Оценка когнитивного восстановления после ЧМТ.
ranson,Ranson / Glasgow-Imrie / APACHE II / HAPS,7. Травматология и военная медицина,Неотложная хирургия,calculator,Международный,yes,1.0.0,Оценка тяжести и прогноза острого панкреатита.
rap-prx,RAP / PRx,6. Анестезиология и ICU,Нейроинтенсив,calculator,Международный (Cambridge),yes,1.0.0,Оценка ауторегуляции мозгового кровотока.
raschke,Raschke (heparin) nomogram,1. Клинические калькуляторы,Дозирование,calculator,США · Международный (ACCP 2012),yes,1.0.0,Инициация и коррекция дозы нефракционированного гепарина по aPTT.
rass,RASS / SAS Riker / Ramsay / MAAS,6. Анестезиология и ICU,Седация / Делирий,score,Международный (SCCM PADIS 2018),yes,1.0.0,Оценка уровня седации в ICU.
rcog-37a,RCOG Green-top 37a,8. Акушерство и гинекология,ВТЭ и беременность,score,Великобритания (RCOG); адаптация в ЕС,yes,1.0.0,Оценка риска ВТЭ у беременных и родильниц.
rcog-vte,RCOG VTE в беременности,2. Диагностические шкалы,ВТЭ / Кровотечение,score,UK (RCOG) · международно принята,yes,1.0.0,Оценка риска ВТЭ у беременных и в послеродовом периоде.
rcri,Revised Cardiac Risk Index (Lee) / Gupta MICA,2. Диагностические шкалы,Периоперационная,score,,yes,1.0.0,Оценка кардиологического риска при несердечной хирургии.
recist,RECIST 1.1 / iRECIST / irRC / mRECIST,10. Онкология,Ответ на лечение,calculator,Международный (EORTC / NCI),yes,1.0.0,Оценка ответа на противоопухолевое лечение.
red-blood,Combat Pulse Check / R.E.D. whole blood,7. Травматология и военная медицина,Военная медицина,calculator,US DoD / NATO / постепенная civilian adoption,yes,1.0.0,Протоколы переливания цельной крови в тактической медицине.
renal,RENAL / PADUA / ESA / STONE,12. Нефрология и урология,Урология,calculator,Международный (AUA),yes,1.0.0,Нефрометрическая оценка сложности удаления опухоли почки.
rer,RER / MER / BMR,20. Ветеринарная медицина,Формулы,calculator,Международный (NRC · WSAVA),yes,1.0.0,Расчёт энергетических потребностей у животных.
resp,RESP / SAVE,6. Анестезиология и ICU,ECMO,calculator,Международный (ELSO),yes,1.0.0,Прогноз выживаемости на VV-ECMO и VA-ECMO.
reveal,WHO FC / REVEAL 2.0 / Lite2 / COMPERA / SPAHR,13. Пульмонология,Лёгочная гипертензия,calculator,"Международный (ESC/ERS, ATS)",yes,1.0.0,Стратификация риска при лёгочной артериальной гипертензии.
reynolds,Reynolds Risk Score,4. Кардиология и сосуды,ССС-риск,calculator,США,yes,1.0.0,Оценка ССС-риска с включением высокочувствительного CRP.
rifle,RIFLE / AKIN / KDIGO 2012,6. Анестезиология и ICU,AKI,calculator,Международный (KDIGO),yes,1.0.0,Диагностика и стадирование острого повреждения почек.
rls-ru,РЛС / Видаль РФ / Машковский,14. Фармакология и лекарства,Справочники,calculator,Российская Федерация,yes,1.0.0,Российские лекарственные справочники.
rochester,Rochester / Philadelphia / Boston / Step-by-Step / PECARN febrile,3. Педиатрические инструменты,Лихорадка,calculator,США · Европа (с адаптациями),yes,1.0.0,Оценка риска серьёзной бактериальной инфекции у младенцев с лихорадкой.
rockall,Rockall,7. Травматология и военная медицина,Неотложная хирургия,score,,yes,1.0.0,Оценка риска при кровотечении из верхних отделов ЖКТ.
rockwood,Rockwood,7. Травматология и военная медицина,Ортопедия,score,Международный,yes,1.0.0,Классификация повреждений акромиально-ключичного сустава.
rodnan,Rodnan skin score,22. Прочие специальности,Ревматология,calculator,Международный,yes,1.0.0,Оценка кожного поражения при системной склеродермии.
rome-iv,Rome IV criteria,22. Прочие специальности,Гастроэнтерология,calculator,Международный (Rome Foundation),yes,1.0.0,Диагностические критерии функциональных расстройств ЖКТ.
rop,ROP International Classification / Plus disease,22. Прочие специальности,Офтальмология,calculator,Международный (ICROP 3 / AAO),yes,1.0.0,Классификация ретинопатии недоношенных.
rosacea,Rosacea IGA / GFSS,22. Прочие специальности,Дерматология,calculator,Международный (ROSCO),yes,1.0.0,Оценка тяжести розацеа.
rote-liste,ABDATA / Rote Liste,14. Фармакология и лекарства,Справочники,calculator,Германия,yes,1.0.0,Немецкий лекарственный справочник.
rotterdam,Rotterdam 2003 / AE-PCOS Society,8. Акушерство и гинекология,Гинекология,score,"Международный (ESHRE/ASRM, AE-PCOS, Teede 2023)",yes,1.0.0,Диагностические критерии синдрома поликистозных яичников.
rox,ROX index,6. Анестезиология и ICU,ARDS,calculator,Международный,yes,1.0.0,Прогноз успешности высокопоточной кислородотерапии.
rpi,RPI / Absolute reticulocyte / CHr,15. Лабораторная медицина,Гематология,calculator,Международный,yes,1.0.0,Оценка регенераторной активности костного мозга.
rsbi,RSBI (Tobin),6. Анестезиология и ICU,ARDS,calculator,Международный,yes,1.0.0,Оценка готовности пациента к экстубации.
rsi-rfs,Reflux Symptom Index (RSI) / Reflux Finding Score (RFS),22. Прочие специальности,ЛОР,calculator,Международный (AAO-HNS),yes,1.0.0,Диагностика ларингофарингеального рефлюкса.
rtog-eortc,RTOG/EORTC late effects,10. Онкология,Токсичность,calculator,Международный (RTOG / EORTC),yes,1.0.0,Оценка поздних лучевых повреждений.
rts,Revised Trauma Score / Triage RTS,7. Травматология и военная медицина,Тяжесть травмы,calculator,Международный,yes,1.0.0,Быстрая оценка тяжести и триаж при травме.
ru-growth,"Национальные таблицы РФ (Мазурин, Воронцов)",3. Педиатрические инструменты,Рост и развитие,calculator,Российская Федерация · СНГ,yes,1.0.0,Российские нормативы роста и развития детей.
ru-kr,Клинические рекомендации Минздрава РФ,16. Справочники и классификаторы,Российские,calculator,Российская Федерация (Минздрав РФ),yes,1.0.0,"Российские клинические рекомендации, обязательные с 2025 года."
ru-lab,"РФ: МР 3.3.1.4-04, приказы МЗ",15. Лабораторная медицина,Референсы,calculator,Российская Федерация,yes,1.0.0,Российские нормативные референсные интервалы.
ru-military,«Защита» / Гуманенко ВПХ / Указания МО РФ,7. Травматология и военная медицина,Военная медицина,calculator,"Российская Федерация (ВС РФ, МО РФ, ВМА им. Кирова)",yes,1.0.0,Российские протоколы военно-полевой хирургии.
ru-scales,Шкала Ваганова / Сидоренко / Харитонова / Светухина,19. Региональные стандарты,Россия,calculator,Российская Федерация,yes,1.0.0,Российские клинические шкалы и адаптации.
ru-skoraya,Приказ МЗ РФ 388н / ННПОСМП / Багненко,17. Протоколы экстренной помощи,Догоспитальные алгоритмы,calculator,"Россия, СНГ (адаптация)",yes,1.0.0,Российские протоколы скорой медицинской помощи.
ru-societies,ФАР / РОАГ / РКО / ОНИ / АОР / РОДВК / РСА,19. Региональные стандарты,Россия,calculator,Российская Федерация,yes,1.0.0,Рекомендации ведущих российских медицинских обществ.
ru-vaccine,Национальный календарь прививок РФ,3. Педиатрические инструменты,Иммунизация,calculator,Российская Федерация,yes,1.0.0,Российский календарь профилактических прививок.
rule-9,Rule of Nines / Lund-Browder / Wallace,6. Анестезиология и ICU,Ожоги,calculator,"Международный (ABA, EMSB, ERC)",yes,1.0.0,Оценка площади ожогов.
rule-nines,Rule of Nines / Lund-Browder,1. Клинические калькуляторы,Дозирование,calculator,"Международный (ATLS, ABA)",yes,1.0.0,Оценка площади ожога у взрослых и детей.
russe,Russe,7. Травматология и военная медицина,Ортопедия,score,Международный,yes,1.0.0,Классификация переломов ладьевидной кости.
rutherford,Rutherford (0-6) / Fontaine (I-IV),4. Кардиология и сосуды,Сосуды / Аорта,score,Международный (SVS · ESVS · ACC/AHA),yes,1.0.0,Классификация хронической ишемии нижних конечностей.
rxnorm,RxNorm / NDC / ATC/DDD / DM+D / ЕСКЛП,16. Справочники и классификаторы,Терминологии,calculator,США (NLM/NIH) · международно для интероперабельности,yes,1.0.0,Стандартизированные классификации лекарственных средств.
sac-iti,SAC classification (ITI),21. Стоматология,Протезирование,calculator,Международный (ITI),yes,1.0.0,Оценка сложности имплантологического лечения.
salt,SALT,22. Прочие специальности,Дерматология,calculator,Международный (NAAF / AAD),yes,1.0.0,Оценка площади поражения при гнёздной алопеции.
salter-harris,Salter-Harris (I-V),7. Травматология и военная медицина,Ортопедия,score,Международный,yes,1.0.0,Классификация переломов ростковой зоны у детей.
sanders,Sanders / Essex-Lopresti,7. Травматология и военная медицина,Ортопедия,score,Международный,yes,1.0.0,Классификация переломов пяточной кости.
sanford,Sanford Guide / Johns Hopkins ABX / eTG / AMH,14. Фармакология и лекарства,Антибиотики,calculator,США (IDSA) · Международный,yes,1.0.0,Справочники по антибиотикотерапии.
sap-sac,Argentina SAP / SAC / Colombia MSPS,19. Региональные стандарты,Латинская Америка,calculator,Аргентина,yes,1.0.0,Клинические рекомендации Южной Америки.
saps,SAPS II / 3,6. Анестезиология и ICU,Тяжесть в ICU,calculator,Международный (European standard),yes,1.0.0,Упрощённая оценка тяжести в ICU.
saudi,Saudi MOH / Iran MOHME / Egyptian MOH / Africa CDC / MSF,19. Региональные стандарты,Ближний Восток / Африка,calculator,"Саудовская Аравия (также референс в ряде стран GCC — ОАЭ, Кувейт, Бахрейн, Оман, Катар)",yes,1.0.0,Клинические стандарты стран Ближнего Востока и Африки.
sbar,SBAR,22. Прочие специальности,Медсестринство,calculator,Международный (IHI / Joint Commission),yes,1.0.0,Стандартизированная структура передачи информации о пациенте.
scat,SCAT5 / SCAT6 / Child-SCAT,5. Неврология и нейрохирургия,ЧМТ,calculator,Международный (CISG / FIFA / IOC),yes,1.0.0,Оценка спортивного сотрясения мозга.
schatzker,Schatzker (I-VI),7. Травматология и военная медицина,Ортопедия,score,Международный,yes,1.0.0,Классификация переломов мыщелков большеберцовой кости.
schirmer,Schirmer / TBUT / OSDI,22. Прочие специальности,Офтальмология,calculator,Международный (TFOS DEWS II),yes,1.0.0,Диагностика синдрома сухого глаза.
schwab,Schwab and England ADL,5. Неврология и нейрохирургия,Паркинсон,calculator,,yes,1.0.0,Оценка повседневной активности при болезни Паркинсона.
schwartz,"Schwartz (bedside, 2009)",1. Клинические калькуляторы,Функция почек,calculator,,yes,1.0.0,Расчёт СКФ у детей по росту и креатинину.
scid,SCID-5 / MINI / CIDI / K-SADS-PL,9. Психиатрия и психология,Общий скрининг,calculator,США (APA DSM-5) / Международный,yes,1.0.0,Структурированные диагностические интервью по DSM.
scorad,SCORAD / EASI / oSCORAD / PO-SCORAD / IGA,22. Прочие специальности,Дерматология,calculator,Европа (ETFAD / EAACI),yes,1.0.0,Оценка тяжести атопического дерматита.
score2-ru,SCORE2 + GLOBORISK (РФ),4. Кардиология и сосуды,ССС-риск,calculator,РФ · СНГ (high-risk region),yes,1.0.0,Оценка ССС-риска по рекомендациям РКО.
score2,SCORE2 / SCORE2-OP (ESC 2021),4. Кардиология и сосуды,ССС-риск,calculator,Европа (ESC),yes,1.0.0,Оценка риска ССЗ в европейской популяции по регионам.
scorten,SCORTEN,22. Прочие специальности,Дерматология,calculator,Международный,yes,1.0.0,Прогноз смертности при синдроме Стивенса-Джонсона и токсическом эпидермальном некролизе.
seidel,Seidel test,22. Прочие специальности,Офтальмология,calculator,Международный (AAO),yes,1.0.0,Диагностика проникающей травмы или перфорации глазного яблока.
senic,SENIC / CDC NHSN,11. Инфекционные болезни,Контроль инфекций,calculator,США (CDC / APIC),yes,1.0.0,Эпидемиологический мониторинг госпитальных инфекций.
sepsis3,Sepsis-3 (SOFA ≥ 2) / qSOFA,6. Анестезиология и ICU,Сепсис,calculator,"Международный (SCCM/ESICM Task Force 2016, SSC 2021)",yes,1.0.0,Современные критерии диагностики сепсиса.
ses-cd,CDAI / HBI / SES-CD,22. Прочие специальности,Гастроэнтерология,calculator,Международный (ECCO),yes,1.0.0,Оценка активности болезни Крона по клиническим и эндоскопическим данным.
sflt,sFlt-1/PlGF ratio,8. Акушерство и гинекология,Преэклампсия,calculator,Международный (EMA одобрено),yes,1.0.0,Биомаркеры для исключения преэклампсии в ближайшую неделю.
sga,SGA (Subjective Global Assessment),2. Диагностические шкалы,Питание,score,Международный · Хирургия · Нефрология · Онкология,yes,1.0.0,Клиническая оценка нутритивного статуса.
sgarbossa,Sgarbossa / Smith modified,4. Кардиология и сосуды,ОКС / ИМ,score,Международный,yes,1.0.0,ЭКГ-критерии ИМ при блокаде левой ножки пучка Гиса.
shock-index,Shock Index / Modified SI / Age-SI,7. Травматология и военная медицина,Тяжесть травмы,calculator,,yes,1.0.0,Ранняя оценка шока по ЧСС и АД.
sieve-sort,SIEVE + SORT / MPTT-24,7. Травматология и военная медицина,Триаж MASCAL,calculator,Великобритания · NHS England,yes,1.0.0,Британские военные протоколы сортировки при массовых поражениях.
silverman,Silverman-Anderson,3. Педиатрические инструменты,Новорождённые,score,РФ · СНГ · Латинская Америка,yes,1.0.0,Оценка тяжести респираторного дистресс-синдрома у новорождённого.
simman,SimMan / Laerdal / Gaumard / CAE Healthcare,18. Учебные инструменты,Образование,calculator,Норвегия / Международный (Laerdal Medical),yes,1.0.0,Медицинские симуляторы для обучения.
simpson,Simpson Grade (I-V),5. Неврология и нейрохирургия,Нейрохирургия,score,Международный,yes,1.0.0,Классификация радикальности резекции менингиомы.
sipa,SIPA (Shock Index Pediatric Age-adjusted),3. Педиатрические инструменты,Шок / Травма,calculator,Международный (США ATLS/PALS),yes,1.0.0,Возраст-скорректированный индекс шока у детей.
sirs,NEWS2 / MEDS / SIRS / PIRO / SIS / Shapiro,6. Анестезиология и ICU,Сепсис,score,Международный (исторический),yes,1.0.0,Скрининг и стратификация риска сепсиса.
sledai,SLEDAI-2K / BILAG-2004,22. Прочие специальности,Ревматология,calculator,Международный,yes,1.0.0,Оценка активности системной красной волчанки.
slic,SLIC / TLICS,5. Неврология и нейрохирургия,Спинальная травма,score,Международный (Spine Trauma Study Group),yes,1.0.0,Классификация переломов позвоночника и выбора тактики.
slums,SLUMS,5. Неврология и нейрохирургия,Деменция,score,,yes,1.0.0,Скрининг когнитивных нарушений (адаптация для США).
smb-ch,Swiss Medical Board / SMI / FOPH,19. Региональные стандарты,Европа,calculator,Швейцария (немецкий / французский / итальянский),yes,1.0.0,Швейцарские клинические стандарты.
snellen,Snellen / logMAR / ETDRS / Decimal,22. Прочие специальности,Офтальмология,calculator,Международный (WHO / ICD-11),yes,1.0.0,Измерение остроты зрения различными шкалами.
snomed,SNOMED CT,16. Справочники и классификаторы,Терминологии,calculator,"Международный (SNOMED International) · США, UK, Канада, Австралия, Нидерланды (40+ стран)",yes,1.0.0,Мультиязычная стандартизированная медицинская терминология.
snoop,POUND / SNOOP(10) red flags,5. Неврология и нейрохирургия,Головная боль,score,,yes,1.0.0,Скрининг опасных причин головной боли.
snot22,SNOT-22,22. Прочие специальности,ЛОР,calculator,Международный (EPOS / ERS),yes,1.0.0,Оценка симптомов хронического риносинусита.
sofa,SOFA (0-24),2. Диагностические шкалы,Раннее распознавание,score,,yes,1.0.0,Оценка органной дисфункции и прогноза в ICU.
spetzler,Spetzler-Martin / Spetzler-Ponce,5. Неврология и нейрохирургия,Нейрохирургия,score,Международный,yes,1.0.0,Оценка риска операции при артериовенозных мальформациях.
spin,SPIN / LSAS / Y-BOCS / OCI-R / PDSS / HARS,9. Психиатрия и психология,Тревога,calculator,Международный,yes,1.0.0,Оценка специфических тревожных расстройств.
spot-urine,Spot UPCR / UACR / FENa / FEUrea / Urine osm gap / TTKG,15. Лабораторная медицина,Моча,calculator,Международный (KDIGO),yes,1.0.0,Разовые анализы мочи для диагностики патологии почек.
ssc,Surviving Sepsis Campaign bundles,11. Инфекционные болезни,Сепсис,calculator,Международный (SSC / SCCM / ESICM),yes,1.0.0,Международные протоколы ведения сепсиса и септического шока.
stan,STAN ST-analysis,8. Акушерство и гинекология,Беременность,calculator,"Европа (Neoventa STAN; Швеция, Нидерланды, UK)",yes,1.0.0,Оценка ЭКГ плода в родах.
stanag,NATO STANAG 2879,7. Травматология и военная медицина,Триаж MASCAL,score,NATO (альянс),yes,1.0.0,Натовский стандарт полевой сортировки раненых.
stanford,Stanford (A/B) / DeBakey,4. Кардиология и сосуды,Сосуды / Аорта,score,Международный (ESC 2024 · AHA/ACC · STS),yes,1.0.0,Классификация расслоения аорты.
start-civ,START / JumpSTART / SALT,7. Травматология и военная медицина,Триаж MASCAL,calculator,США · Международный,yes,1.0.0,Американские протоколы сортировки пострадавших при массовых поражениях.
start,START / JumpSTART / SALT / SIEVE / SORT,2. Диагностические шкалы,Триаж,score,Международный,yes,1.0.0,Триаж при массовых поражениях и чрезвычайных ситуациях.
stess,STESS / EMSE / END-IT,5. Неврология и нейрохирургия,Эпилепсия,score,,yes,1.0.0,Прогноз исходов при эпилептическом статусе.
stockley,Stockley's Drug Interactions,14. Фармакология и лекарства,Справочники,calculator,Великобритания / ЕС,yes,1.0.0,Британский справочник клинически значимых взаимодействий.
stone,S.T.O.N.E. / Guy's / RIRS,12. Нефрология и урология,Урология,calculator,Международный (EAU/AUA),yes,1.0.0,Оценка сложности и выбор тактики при мочекаменной болезни.
stop-bang,STOP-BANG / Berlin,5. Неврология и нейрохирургия,Сон,score,,yes,1.0.0,Скрининг синдрома обструктивного апноэ сна.
straw10,STRAW+10,8. Акушерство и гинекология,Менопауза,score,Международный (STRAW+10),yes,1.0.0,Стадирование репродуктивного старения и менопаузы.
strongkids,STRONGkids / STAMP,2. Диагностические шкалы,Питание,score,Нидерланды · ЕС · Международный (педиатрия),yes,1.0.0,Скрининг нутритивного риска у детей.
sun,SUN Uveitis criteria,22. Прочие специальности,Офтальмология,calculator,Международный (SUN / IUSG),yes,1.0.0,Стандартизация диагностики и классификации увеитов.
svv,SVV / PPV / IVC collapsibility / Mini-fluid challenge,6. Анестезиология и ICU,Водно-электролитный,calculator,Международный,yes,1.0.0,Динамические показатели волемического статуса.
tal,Tal / Wang score,3. Педиатрические инструменты,Респираторные,score,Международный,yes,1.0.0,Клиническая оценка тяжести бронхиолита.
tanner,Tanner stages (SMR I-V),3. Педиатрические инструменты,Рост и развитие,score,Международный,yes,1.0.0,Оценка стадий полового созревания.
tccc-17,"TCCC (CoTCCC, JTS)",17. Протоколы экстренной помощи,Догоспитальная травма,calculator,"DoD / JTS (США), NATO STANAG, международно (combat medic programs)",yes,1.0.0,Протокол тактической помощи на поле боя (Care Under Fire / TFC / TACEVAC).
tccc,TCCC (Tactical Combat Casualty Care),7. Травматология и военная медицина,Военная медицина,calculator,Стандарт NATO / US DoD / СНГ (адаптации),yes,1.0.0,Стандартный протокол тактической медицины на поле боя.
tcns,TCNS / MNSI / NDS,5. Неврология и нейрохирургия,Нейропатическая боль,score,Международный,yes,1.0.0,Скрининг диабетической нейропатии.
tecc-17,TECC (C-TECC),17. Протоколы экстренной помощи,Догоспитальная травма,calculator,"C-TECC (США), международная адаптация EMS систем",yes,1.0.0,Протокол тактической помощи в гражданских условиях.
tecc,TECC,7. Травматология и военная медицина,Военная медицина,calculator,"США, Канада, EU, civilian EMS/SWAT",yes,1.0.0,Протокол тактической помощи в гражданских условиях.
thompson,Thompson Score / Sarnat staging,3. Педиатрические инструменты,Новорождённые,score,Международный,yes,1.0.0,Оценка тяжести гипоксически-ишемической энцефалопатии.
thwaites,Thwaites' score,11. Инфекционные болезни,Менингит,calculator,"Международный (оригинал — Вьетнам, Thwaites)",yes,1.0.0,Дифф. диагностика туберкулёзного и бактериального менингита.
tibc,TIBC / transferrin saturation / ferritin,15. Лабораторная медицина,Гематология,calculator,Международный,yes,1.0.0,Оценка обмена железа и диагностика железодефицита.
timi,"TIMI (UA/NSTEMI, STEMI)",4. Кардиология и сосуды,ОКС / ИМ,score,,yes,1.0.0,Риск-стратификация при остром коронарном синдроме.
tinetti,Tinetti POMA / Berg Balance / TUG / DGI,2. Диагностические шкалы,Функциональный статус,score,Международный,yes,1.0.0,Оценка равновесия и походки.
tirads,TI-RADS (ACR/EU/K),10. Онкология,Специфические,calculator,Международный (ACR),yes,1.0.0,Стандартизированная оценка узлов щитовидной железы.
tisdale,Tisdale score,4. Кардиология и сосуды,ЭКГ / Ритм,score,Международный (AHA · HRS · CredibleMeds),yes,1.0.0,Оценка риска лекарственного удлинения QT.
tnm-hn,TNM AJCC head & neck,21. Стоматология,Оральный рак,calculator,Международный (AJCC · UICC),yes,1.0.0,Стадирование злокачественных опухолей головы и шеи.
tnm,TNM / AJCC 8th Ed. / UICC,10. Онкология,Стадирование,calculator,Международный (AJCC / UICC),yes,1.0.0,Международная классификация стадий злокачественных новообразований.
toast,TOAST classification,5. Неврология и нейрохирургия,Инсульт,score,"Международный (AHA/ASA, ESO)",yes,1.0.0,Классификация этиологии ишемического инсульта.
tokyo-19,Tokyo Guidelines,19. Региональные стандарты,Япония,calculator,"Япония (международно принятый стандарт; J Hepatobiliary Pancreat Sci, 2018)",yes,1.0.0,Международные рекомендации по диагностике и лечению холецистита и холангита.
tokyo,Tokyo Guidelines TG18/TG24,7. Травматология и военная медицина,Неотложная хирургия,calculator,Международный (Tokyo Guidelines),yes,1.0.0,Диагностика и оценка тяжести холецистита и холангита.
tonnis,Tönnis,7. Травматология и военная медицина,Суставы / Хрящ,score,Международный,yes,1.0.0,Рентгенологическая оценка остеоартроза тазобедренного сустава.
trali,TRALI / TACO criteria (ISBT 2019),6. Анестезиология и ICU,Трансфузия,calculator,Международный (ISBT),yes,1.0.0,Диагностика посттрансфузионных лёгочных осложнений.
triss,TRISS / ASCOT,7. Травматология и военная медицина,Тяжесть травмы,calculator,Международный (MTOS),yes,1.0.0,Прогноз выживаемости при травме.
tscherne,Tscherne,7. Травматология и военная медицина,Ортопедия,score,"Европа (Германия, Австрия, Швейцария - стандарт)",yes,1.0.0,Классификация закрытых переломов по повреждению мягких тканей.
tsh,TSH reflex / FT4 / FT3 / antiTPO,15. Лабораторная медицина,Эндокринология,calculator,Международный (ATA · ETA · РАЭ),yes,1.0.0,Диагностика патологии щитовидной железы.
tumor-markers,CEA / CA 19-9 / CA 125 / AFP / hCG / PSA и др.,15. Лабораторная медицина,Опухолевые маркеры,calculator,Международный (NACB · ESMO · ASCO),yes,1.0.0,Онкомаркеры в диагностике и мониторинге.
uas7,UAS7 / CU-Q2oL,22. Прочие специальности,Дерматология,calculator,Международный (EAACI / GA²LEN / WAO),yes,1.0.0,Оценка активности и качества жизни при хронической крапивнице.
uceis,Mayo / partial Mayo / UCEIS,22. Прочие специальности,Гастроэнтерология,calculator,Международный (ECCO),yes,1.0.0,Оценка активности язвенного колита.
ucla-shoulder,UCLA / ASES / Constant-Murley / DASH / QuickDASH,7. Травматология и военная медицина,Суставы / Хрящ,calculator,Международный,yes,1.0.0,Оценка функции плеча и верхней конечности.
uk-green,UK Green Book,3. Педиатрические инструменты,Иммунизация,calculator,Великобритания (NHS),yes,1.0.0,Британский календарь вакцинации.
uk-who,UK-WHO charts (RCPCH),3. Педиатрические инструменты,Рост и развитие,calculator,Великобритания · Ирландия,yes,1.0.0,Британские кривые роста для детей.
umls,UMLS Metathesaurus / MeSH,16. Справочники и классификаторы,Терминологии,calculator,Международный (NLM/NIH) · мета-тезаурус 200+ словарей,yes,1.0.0,Метасловарь и тезаурус медицинских терминов.
unit-bili,Билирубин,1. Клинические калькуляторы,Конверсии единиц,calculator,Международный,yes,1.0.0,Конверсия билирубина между mg/dL и мкмоль/л.
unit-chol,Холестерин / триглицериды,1. Клинические калькуляторы,Конверсии единиц,calculator,Международный,yes,1.0.0,Конверсия липидов между mg/dL и ммоль/л.
unit-creatinine,Креатинин,1. Клинические калькуляторы,Конверсии единиц,calculator,Международный (США - mg/dL; СИ - мкмоль/л),yes,1.0.0,Конверсия креатинина между mg/dL и мкмоль/л.
unit-glucose,Глюкоза,1. Клинические калькуляторы,Конверсии единиц,calculator,Международный (США используют mg/dL; СИ - ммоль/л),yes,1.0.0,Конверсия глюкозы между mg/dL (США) и ммоль/л (СИ).
unit-hb,Гемоглобин,1. Клинические калькуляторы,Конверсии единиц,calculator,Международный,yes,1.0.0,Конверсия гемоглобина между g/dL и g/L.
updrs,UPDRS / MDS-UPDRS (I-IV),5. Неврология и нейрохирургия,Паркинсон,calculator,,yes,1.0.0,Комплексная оценка двигательных нарушений при болезни Паркинсона.
uptodate,UpToDate / DynaMed / BMJ Best Practice / ClinicalKey / Medscape,18. Учебные инструменты,Базы знаний,calculator,США / Международный (Wolters Kluwer),yes,1.0.0,Клинические базы знаний для поддержки принятия решений.
us-dates,CRL (Hadlock) / BPD / AC / FL,8. Акушерство и гинекология,Беременность,calculator,"Международный (ACOG, ISUOG)",yes,1.0.0,УЗ-датирование беременности и оценка размеров плода.
vacs,VACS Index / D:A:D,11. Инфекционные болезни,ВИЧ,calculator,Международный (VA Cohort),yes,1.0.0,Оценка сердечно-сосудистого и общего риска у пациентов с ВИЧ.
vanco-auc,Vancomycin AUC/MIC calculator,1. Клинические калькуляторы,Дозирование,calculator,США (IDSA/ASHP) · Международный,yes,1.0.0,Таргетное дозирование ванкомицина по площади под кривой.
vanderbilt,Vanderbilt / Conners / SNAP-IV,3. Педиатрические инструменты,Психомоторное развитие,score,США · международный,yes,1.0.0,Скрининг синдрома дефицита внимания и гиперактивности.
vas,VAS (0-100 мм) / NRS (0-10),2. Диагностические шкалы,Боль,calculator,Международный (IASP · ВОЗ),yes,1.0.0,Базовая оценка интенсивности боли у взрослых.
vcog,VCOG-CTCAE / WHO TNM for animals,20. Ветеринарная медицина,Онкология,calculator,Великобритания · США (VCOG),yes,1.0.0,Классификация и оценка токсичности в ветеринарной онкологии.
velscope,VELscope / OralCDx / WHO OPMD,21. Стоматология,Оральный рак,calculator,США (ADA) · Международный,yes,1.0.0,Скрининг потенциально злокачественных поражений полости рта.
vertucci,Vertucci canal / Weine,21. Стоматология,Эндодонтия,calculator,Международный (Vertucci 1984),yes,1.0.0,Классификация анатомии корневых каналов.
vetcot,ATLS Veterinary / VetCOT / VETS / Kirby's Rule of 20,20. Ветеринарная медицина,Триаж,calculator,США (VetCOT),yes,1.0.0,Триаж и оценка тяжести травмы у животных.
vhi,Voice Handicap Index (VHI-10),22. Прочие специальности,ЛОР,calculator,Международный (ASHA / ELS),yes,1.0.0,Оценка влияния нарушений голоса на жизнь пациента.
vhs,VHS / VLAS,20. Ветеринарная медицина,Кардиология,calculator,Международный (ACVIM · EVDI),yes,1.0.0,Рентгенологическая оценка размеров сердца у собак.
vidal,Vidal,14. Фармакология и лекарства,Справочники,calculator,Франция · Россия,yes,1.0.0,"Французский лекарственный справочник, адаптированный в России."
villalta,Villalta,4. Кардиология и сосуды,Сосуды / Аорта,score,Международный (ISTH · ESVS),yes,1.0.0,Диагностика и тяжесть посттромботического синдрома.
warfarin,"Warfarin dosing (IWPC, Gage)",1. Клинические калькуляторы,Дозирование,calculator,Международный (ACCP) · США · ЕС,yes,1.0.0,Стартовая доза варфарина с учётом клинических и генетических факторов.
water-deficit,"Free water deficit, Na deficit",1. Клинические калькуляторы,Электролиты / КЩС,calculator,Международный,yes,1.0.0,Расчёт дефицита воды и натрия при дизнатриемиях.
weber,Weber (A/B/C) / Lauge-Hansen,7. Травматология и военная медицина,Ортопедия,score,Международный,yes,1.0.0,Классификация переломов голеностопного сустава.
wells-dvt,Wells DVT,2. Диагностические шкалы,ВТЭ / Кровотечение,score,,yes,1.0.0,Предтестовая вероятность ТГВ.
wells-pe,Wells PE,2. Диагностические шкалы,ВТЭ / Кровотечение,score,,yes,1.0.0,Предтестовая вероятность ТЭЛА.
westley,Westley croup score,3. Педиатрические инструменты,Респираторные,score,,yes,1.0.0,Оценка тяжести крупа (ларинготрахеита) у детей.
wfns,WFNS SAH grading,5. Неврология и нейрохирургия,Инсульт,score,,yes,1.0.0,Градация тяжести САК по шкале WFNS.
who-dehydr,WHO (severe/some/no) / CDC / Gorelick / CDS,3. Педиатрические инструменты,Дегидратация,score,Международный (ВОЗ / IMCI),yes,1.0.0,Оценка степени дегидратации у детей.
who-eml,WHO Model List of Essential Medicines,14. Фармакология и лекарства,Поддержка,calculator,Международный (WHO) · используется в 155+ странах,yes,1.0.0,Перечень жизненно важных лекарственных средств ВОЗ.
who-growth,WHO Growth Standards (0-5 лет),3. Педиатрические инструменты,Рост и развитие,calculator,Международный (ВОЗ),yes,1.0.0,Международные стандарты роста и веса у детей до 5 лет.
who-ish,WHO/ISH risk charts,4. Кардиология и сосуды,ССС-риск,calculator,Всемирный (14 субрегионов WHO),yes,1.0.0,Оценка ССС-риска для стран с ограниченными ресурсами.
who-ladder,WHO Analgesic Ladder,10. Онкология,Паллиатив,calculator,"Международный (ВОЗ, ESMO, NCCN, IASP)",yes,1.0.0,Ступенчатая схема обезболивания по ВОЗ.
who-malaria,WHO severe malaria / COMA scores,11. Инфекционные болезни,Малярия,calculator,Международный (WHO),yes,1.0.0,Критерии тяжёлой малярии и оценка церебральной формы.
who-mec,WHO MEC / CDC U.S. MEC 2024 / SPR,8. Акушерство и гинекология,Контрацепция,calculator,Международный (WHO); США (CDC US MEC 2024),yes,1.0.0,Критерии приемлемости методов контрацепции.
who-tb,WHO IMCI + TB scoring / Bandim / Wejse,11. Инфекционные болезни,ТБ,calculator,Международный (WHO),yes,1.0.0,Скрининг и диагностика туберкулёза.
whodas,GAF / WHODAS 2.0 / SOFAS / GAS,9. Психиатрия и психология,Функционирование,calculator,Международный (WHO),yes,1.0.0,Оценка общего уровня функционирования при психических расстройствах.
whr,Waist-to-hip ratio (ВОЗ),1. Клинические калькуляторы,Антропометрия,calculator,Международный (ВОЗ),yes,1.0.0,Оценка кардиометаболического риска по распределению жира.
wilkins,Wilkins / Cormier,4. Кардиология и сосуды,Эндокардит / Клапаны,score,Международный (ESC · AHA · ACC),yes,1.0.0,Оценка пригодности митрального клапана для вальвулопластики.
wilson-arne,Wilson / Arné / Naguib,6. Анестезиология и ICU,Предоперационная,score,,yes,1.0.0,Альтернативные шкалы прогноза трудной интубации.
winter,Winter formula,1. Клинические калькуляторы,Электролиты / КЩС,calculator,,yes,1.0.0,Расчёт ожидаемого pCO₂ при метаболическом ацидозе.
wintrobe,Эритроцитарные индексы (MCV / MCH / MCHC / RDW),15. Лабораторная медицина,Гематология,calculator,Международный,yes,1.0.0,Дифференциальная диагностика анемий.
womac-rehab,WOMAC / KOOS / HOOS / DASH / QuickDASH / Oxford,22. Прочие специальности,Реабилитация,calculator,Международный,yes,1.0.0,Оценка функции суставов и качества жизни (PROMs).
wong-baker,Wong-Baker FACES,2. Диагностические шкалы,Боль,score,Международный,yes,1.0.0,Оценка боли по выражению лица у детей и лиц с когнитивными нарушениями.
years,YEARS,2. Диагностические шкалы,ВТЭ / Кровотечение,calculator,Международный (ESC 2019),yes,1.0.0,Упрощённый алгоритм исключения ТЭЛА.
ymrs,YMRS / MDQ / HCL-32 / ASRM,9. Психиатрия и психология,Биполярное,calculator,Международный,yes,1.0.0,Скрининг и оценка мании и биполярного расстройства.
young-burgess,Young-Burgess / Tile,7. Травматология и военная медицина,Ортопедия,score,Международный,yes,1.0.0,Классификация переломов костей таза.